npi,name,office,specialties,address,city,state,zip,phone,accepting,networks
"1497853329","Steven Kazley","Comella orthodontics pllc","Orthodontist","1972 S Clinton Ave","Rochester","NY","14618","5852717515","true","CD01~CSK1"
"1730567314","Amy Ames","","General Dentist","2101 Lac De Ville Blvd","Rochester","NY","14618","5852716300","true","CCG1~CSK1~CX01"
"1912997867","Joseph Didonato","Southwedge dental grp","General Dentist","608 South Ave","Rochester","NY","14620","5854731749","true","CPF1~DD01"
"1386752459","Jhujhar Bhambra","Progressive endodontics","Endodontist; General Dentist","980 Westfall Rd Bldg 200","Rochester","NY","14618","5852561500","true","CD01"
"1386663193","Patrick Derose","Progressive endodontics","Endodontist; General Dentist","980 Westfall Rd Bldg 200","Rochester","NY","14618","5852561500","true","BJ01~CD01~CSW1"
"1376764977","Harinderbir  Singh","Progressive endodontics","Endodontist","980 Westfall Rd Bldg 200","Rochester","NY","14618","5852561500","true","CD01"
"1376764977","Harinderbir  Singh","","Endodontist","980 Westfall Rd","Rochester","NY","14618","5852561500","true","BJ01~CSW1"
"1376839803","Stephan Vigliotti","Progressive endodontics","Endodontist","980 Westfall Rd Bldg 200","Rochester","NY","14618","5852561500","true","CD01"
"1730302498","Alan Wolff","Wolff family dentistry","General Dentist","980 Westfall Rd Bldg 200","Rochester","NY","14618","5854421951","true","CCG1~CSW1~DD01"
"1265541858","Jack Caton","University dental faculty grp","General Dentist; Periodontist","625 Elmwood Ave","Rochester","NY","14620","5852755051","true","DD01"
"1609028190","Eli Eliav","University dental faculty grp","General Dentist","625 Elmwood Ave","Rochester","NY","14620","5852755051","true","CCG1~DD01"
"1902904386","Carlo Ercoli","University dental faculty grp","Prosthodontist","625 Elmwood Ave","Rochester","NY","14620","5852755051","true","CCG1~CSW1~DD01"
"1851542203","Sangeeta Gajendra","University dental faculty grp","General Dentist","625 Elmwood Ave","Rochester","NY","14620","5852755051","true","CCG1~DD01"
"1689122988","Junad Khan","University dental faculty grp","General Dentist","625 Elmwood Ave","Rochester","NY","14620","5852755051","true","DD01"
"1891374559","Camilo Leal-escobar","Eastman institute for oral health","General Dentist","625 Elmwood Ave","Rochester","NY","14620","5852755051","true","DD01"
"1073621769","Wayne Lipschitz","University dental faculty grp","General Dentist","625 Elmwood Ave","Rochester","NY","14620","5852755051","true","CCG1~DD01"
"1366550881","Hans Malmstrom","University dental faculty grp","General Dentist","625 Elmwood Ave","Rochester","NY","14620","5852755051","true","CCG1~DD01"
"1255449765","Sean Mclaren","University dental faculty grp","General Dentist","625 Elmwood Ave","Rochester","NY","14620","5852755051","true","CML1"
"1356740807","Adela Planerova","University dental faculty grp","General Dentist","625 Elmwood Ave","Rochester","NY","14620","5852755051","true","CCG1~DD01"
"1134351281","Linda Rasubala","University dental faculty grp","General Dentist","625 Elmwood Ave","Rochester","NY","14620","5852755051","true","CCG1~CSW1~DD01"
"1871796292","Paul Rossouw","University dental faculty grp","General Dentist","625 Elmwood Ave","Rochester","NY","14620","5852755051","true","DD01"
"1104145804","Erin Shope","","Pediatric Dentist","625 Elmwood Ave","Rochester","NY","14620","5852755051","true","CML1"
"1114250941","Nadejda Stefanova Stephens","University dental faculty grp","General Dentist","625 Elmwood Ave","Rochester","NY","14620","5852755051","true","CCG1~DD01"
"1457891160","Alexandra Tsigarida","University dental faculty grp","Periodontist","625 Elmwood Ave","Rochester","NY","14620","5852755051","true","CSW1~DD01"
"1336427384","Cynthia Wong","University dental faculty grp","General Dentist; Pediatric Dentist","625 Elmwood Ave","Rochester","NY","14620","5852755051","true","CCG1~DD01"
"1134351281","Linda Rasubala","","General Dentist","625 Elmwood Ave","Rochester","NY","14620","5852731913","true","CCG1"
"1073952321","Aaron Park","Park family dental","General Dentist","2273 S Clinton Ave","Rochester","NY","14618","5854731550","true","DD01"
"1811990807","Randy Raetz","Park family dental","General Dentist","2273 S Clinton Ave","Rochester","NY","14618","5854731550","true","CD01"
"1194271445","Dina Amin","","Oral Surgeon","180 Sawgrass Dr","Rochester","NY","14620","5852421400","true","CCG1~CSW1"
"1740442672","Lisa Bruno","","Pediatric Dentist","180 Sawgrass Dr","Rochester","NY","14620","0000000000","true","CSW1"
"1902368798","Erinn Enany","","General Dentist","180 Sawgrass Dr","Rochester","NY","14620","5853417314","true","CCG1"
"1255449765","Sean Mclaren","","General Dentist","180 Sawgrass Dr","Rochester","NY","14620","5853417314","true","CCG1~CML1"
"1396276879","Kyle Mecca","","Oral Surgeon","180 Sawgrass Dr","Rochester","NY","14620","5852421400","true","CCG1~CSW1"
"1851632012","Isamar Rivera-ramos","","Pediatric Dentist","180 Sawgrass Dr","Rochester","NY","14620","5852421400","true","CCG1"
"1104145804","Erin Shope","","Pediatric Dentist","180 Sawgrass Dr","Rochester","NY","14620","5852421400","true","CCG1~CML1"
"1427217199","John Vorrasi","","Oral Surgeon","180 Sawgrass Dr","Rochester","NY","14620","0000000000","true","CCG1"
"1336427384","Cynthia Wong","","General Dentist; Pediatric Dentist","180 Sawgrass Dr","Rochester","NY","14620","0000000000","true","CCG1"
"1134895402","Zachary Zeiler","","Oral Surgeon","180 Sawgrass Dr","Rochester","NY","14620","5852421400","true","CCG1"
"1174767511","Maricelle Abayon","Strong dentistry clinic","General Dentist","601 Elmwood Avenue","Rochester","NY","14642","5852755531","true","CCG1~DD01"
"1174767511","Maricelle Abayon","","General Dentist","601 Elmwood Ave","Rochester","NY","14642","0000000000","true","CCG1"
"1609028190","Eli Eliav","Strong dentistry clinic","General Dentist","601 Elmwood Avenue","Rochester","NY","14642","7162755031","true","CCG1~DD01"
"1902368798","Erinn Enany","University dental faculty grp smh","General Dentist","601 Elmwood Avenue","Rochester","NY","14642","5852755531","true","CCG1"
"1073620373","Joseph Fantuzzo","Strong dentistry clinic","Oral Surgeon","601 Elmwood Avenue","Rochester","NY","14642","5852755531","true","DD01"
"1992842793","Antonia Kolokythas","Strong dentistry clinic","Oral Surgeon","601 Elmwood Avenue","Rochester","NY","14642","5857587650","true","DD01"
"1255449765","Sean Mclaren","University dental faculty grp smh","General Dentist","601 Elmwood Avenue","Rochester","NY","14642","7162754310","true","CCG1~CML1"
"1356740807","Adela Planerova","University dental faculty grp smh","General Dentist","601 Elmwood Avenue","Rochester","NY","14642","7162732710","true","CCG1~CML1"
"1851632012","Isamar Rivera-ramos","University dental faculty grp smh","Pediatric Dentist","601 Elmwood Avenue","Rochester","NY","14642","5852755531","true","CCG1"
"1396085825","Alejandro Sanchez Lara Murguia","Strong dentistry clinic","Prosthodontist","601 Elmwood Avenue","Rochester","NY","14642","7162732710","true","DD01"
"1215118591","Tejal Shastri","Strong dentistry clinic","General Dentist","601 Elmwood Avenue","Rochester","NY","14642","5852755531","true","DD01"
"1104145804","Erin Shope","University dental faculty grp smh","Pediatric Dentist","601 Elmwood Avenue","Rochester","NY","14642","7162732710","true","CCG1"
"1508559303","Radhika Thakkar","","General Dentist","601 Elmwood Ave","Rochester","NY","14642","0000000000","true","CCG1"
"1427217199","John Vorrasi","University dental faculty grp smh","Oral Surgeon","601 Elmwood Avenue","Rochester","NY","14642","5852755531","true","CCG1"
"1336427384","Cynthia Wong","","General Dentist; Pediatric Dentist","601 Elmwood Ave","Rochester","NY","14642","0000000000","true","CCG1"
"1134895402","Zachary Zeiler","","Oral Surgeon","601 Elmwood Ave","Rochester","NY","14642","0000000000","true","CCG1"
"1578213880","Nisreen Al Jallad","","General Dentist","601 Elmwood Avenue","Rochester","NY","14642","5853417316","true","CCG1~CSW1"
"1194271445","Dina Amin","","Oral Surgeon","601 Elmwood Avenue","Rochester","NY","14642","5853417316","true","CCG1~CSW1"
"1740442672","Lisa Bruno","","Pediatric Dentist","601 Elmwood Avenue","Rochester","NY","14642","5853417316","true","CSW1"
"1396276879","Kyle Mecca","","Oral Surgeon","601 Elmwood Avenue","Rochester","NY","14642","5853417316","true","CCG1~CSW1"
"1053481143","Manuel Botana","Gentle dental care rochester","General Dentist","295 Monroe Ave","Rochester","NY","14607","5854674513","true","CD01~CX01"
"1356430706","Magnon Reyes","Gentle dental care rochester","Oral Surgeon","295 Monroe Ave","Rochester","NY","14607","5854674513","true","BJ01~CD01~CX01"
"1174767511","Maricelle Abayon","","General Dentist","2400 S Clinton Ave","Rochester","NY","14618","5853417314","true","CCG1"
"1174767511","Maricelle Abayon","","General Dentist","2400 S Clinton Ave","Rochester","NY","14618","5853417177","true","CCG1"
"1699553651","Dalia Agi Maluli","","Pediatric Dentist","2400 S Clinton Ave","Rochester","NY","14618","5853417314","true","CCG1~CSW1"
"1699553651","Dalia Agi Maluli","","Pediatric Dentist","2400 S Clinton Ave","Rochester","NY","14618","5853417177","true","CCG1~CSW1"
"1194271445","Dina Amin","","Oral Surgeon","2400 S Clinton Ave","Rochester","NY","14618","5853417314","true","CCG1"
"1194271445","Dina Amin","","Oral Surgeon","2400 S Clinton Ave","Rochester","NY","14618","5853417314","true","CCG1"
"1114215308","Sharon Elad","","General Dentist","2400 S Clinton Ave","Rochester","NY","14618","5853417314","true","CCG1"
"1114215308","Sharon Elad","","General Dentist","2400 S Clinton Ave","Rochester","NY","14618","5853417314","true","CCG1"
"1902368798","Erinn Enany","","General Dentist","2400 S Clinton Ave","Rochester","NY","14618","5853417314","true","CCG1"
"1902368798","Erinn Enany","","General Dentist","2400 S Clinton Ave","Rochester","NY","14618","5853417314","true","CCG1"
"1003911553","Dorota Kopycka-kedzierawski","","General Dentist","2400 S Clinton Ave","Rochester","NY","14618","5853417314","true","CCG1"
"1073621769","Wayne Lipschitz","","General Dentist","2400 S Clinton Ave","Rochester","NY","14618","5853417314","true","CCG1"
"1255449765","Sean Mclaren","","General Dentist","2400 S Clinton Ave","Rochester","NY","14618","5853417314","true","CCG1"
"1396276879","Kyle Mecca","","Oral Surgeon","2400 S Clinton Ave","Rochester","NY","14618","5853417314","true","CCG1~CSW1"
"1396276879","Kyle Mecca","","Oral Surgeon","2400 S Clinton Ave","Rochester","NY","14618","5853417177","true","CCG1~CSW1"
"1356740807","Adela Planerova","","General Dentist","2400 S Clinton Ave","Rochester","NY","14618","5853417314","true","CCG1"
"1356740807","Adela Planerova","","General Dentist","2400 S Clinton Ave","Rochester","NY","14618","5853417314","true","CCG1"
"1104145804","Erin Shope","","Pediatric Dentist","2400 S Clinton Ave","Rochester","NY","14618","5853417177","true","CSW1"
"1104145804","Erin Shope","","Pediatric Dentist","2400 S Clinton Ave","Rochester","NY","14618","5853417314","true","CCG1"
"1942539762","Xiuli Sun","","General Dentist","2400 S Clinton Ave","Rochester","NY","14618","5853417314","true","CCG1"
"1457891160","Alexandra Tsigarida","","Periodontist","2400 S Clinton Ave","Rochester","NY","14618","5853417314","true","CSW1"
"1427217199","John Vorrasi","","Oral Surgeon","2400 S Clinton Ave","Rochester","NY","14618","5853417314","true","CCG1"
"1427217199","John Vorrasi","","Oral Surgeon","2400 S Clinton Ave","Rochester","NY","14618","5853417177","true","CCG1"
"1336427384","Cynthia Wong","","General Dentist; Pediatric Dentist","2400 S Clinton Ave","Rochester","NY","14618","5853417314","true","CCG1"
"1841593407","Jin Xiao","","General Dentist","2400 S Clinton Ave","Rochester","NY","14618","5853417314","true","CCG1"
"1841593407","Jin Xiao","","General Dentist","2400 S Clinton Ave","Rochester","NY","14618","5853417177","true","CCG1"
"1134895402","Zachary Zeiler","","Oral Surgeon","2400 S Clinton Ave","Rochester","NY","14618","5853417314","true","CCG1"
"1134895402","Zachary Zeiler","","Oral Surgeon","2400 S Clinton Ave","Rochester","NY","14618","5853417314","true","CCG1"
"1144406661","Varinder Grewal","","Pediatric Dentist","222 Alexander St","Rochester","NY","14607","5859229295","true","CSW1~CW01~CX01"
"1285486647","Mohamed Mohamed","","General Dentist","222 Alexander St","Rochester","NY","14607","5859229295","true","CSW1~CW01~CX01"
"1265518013","Allan Romeo","Modern periodontics","Periodontist","1680 Monroe Ave","Rochester","NY","14618","5852428980","true","BJ01~CCG1~CD01~CSW1~CX01"
"1629089826","Kevin Apolito","Western new york dental group pc","General Dentist","2024 W Henrietta Rd","Rochester","NY","14623","5852921270","true","CD01~CJ02~CSW1"
"1023420908","Meaghan Bolger","Western new york dental group pc","General Dentist","2024 W Henrietta Rd","Rochester","NY","14623","5852921270","true","CJ01"
"1811440670","Michael Daly","Western new york dental group pc","General Dentist","2024 W Henrietta Rd","Rochester","NY","14623","5852921270","true","CSW1"
"1033777636","Mindy Dogmantis","Western new york dental group pc","General Dentist","2024 W Henrietta Rd","Rochester","NY","14623","5852921270","true","CD01~CJ02~CSW1"
"1225152465","Gideon Fersztman","Western new york dental group pc","Orthodontist","2024 W Henrietta Rd","Rochester","NY","14623","5852921270","true","CD01~CW01"
"1659987402","Jeffrey Levine","Western new york dental group pc","Endodontist","2024 W Henrietta Rd","Rochester","NY","14623","5852921270","true","BJ01~CCG1~CD01~CSW1"
"1942677539","Christopher Nowak","Western new york dental group pc","General Dentist","2024 W Henrietta Rd","Rochester","NY","14623","5852921270","true","CD01~CJ01~CSW1"
"1952543092","Xiomara Restrepo-jaramillo","Western new york dental group pc","Orthodontist","2024 W Henrietta Rd","Rochester","NY","14623","5852921270","true","BJ01~CD01"
"1699290064","Madelyn Sadibasic","Western new york dental group pc","General Dentist","2024 W Henrietta Rd","Rochester","NY","14623","5852921270","true","CJ01"
"1144844770","Swetha Sathasivam","A smile to grow with","Pediatric Dentist","2024 W Henrietta Rd","Rochester","NY","14623","5852714700","true","BJ01~CD01~CX01"
"1609308709","Ulfat Shafiq","","General Dentist","2024 W Henrietta Rd","Rochester","NY","14623","5854245005","true","CD01~CJ02~CX01"
"1548653900","Kara Tress","Western new york dental group pc","General Dentist","2024 W Henrietta Rd","Rochester","NY","14623","5852921270","true","CCG1~CD01~CJ02~CSW1"
"1104073964","Philip Williams","Western new york dental group pc","General Dentist","2024 W Henrietta Rd","Rochester","NY","14623","5852921270","true","CJ01"
"1275623100","Victor Colon","Jordan health at woodward","General Dentist","480 Genesee St","Rochester","NY","14611","5854363040","true","DD01"
"1568407245","Shaila Garasia","Jordan health at woodward","General Dentist","480 Genesee St","Rochester","NY","14611","5854363040","true","DD01"
"1346254398","Lawrence Giangreco","Jordan health at woodward","General Dentist","480 Genesee St","Rochester","NY","14611","5854363040","true","DD01"
"1467533968","Janice Harbin","Jordan health at woodward","General Dentist","480 Genesee St","Rochester","NY","14611","5854363040","true","DD01"
"1518012442","Titus Howell","Jordan health at woodward","General Dentist","480 Genesee St","Rochester","NY","14611","5854363040","true","CW01~DD01"
"1023152329","Ismatu Kamara","Jordan health at woodward","General Dentist","480 Genesee St","Rochester","NY","14611","5854363040","true","DD01"
"1336472166","Joanne Lim","Jordan health at woodward","General Dentist","480 Genesee St","Rochester","NY","14611","5854363040","true","CCG1~DD01"
"1407870264","Mary Miller","Jordan health at woodward","General Dentist","480 Genesee St","Rochester","NY","14611","5854363040","true","CW01~DD01"
"1972836708","Li Ning","Jordan health at woodward","General Dentist","480 Genesee St","Rochester","NY","14611","5854363040","true","CCG1~CW01~DD01"
"1205248242","Analia Ribeiro","Jordan health at woodward","Pediatric Dentist","480 Genesee St","Rochester","NY","14611","5854363040","true","CCG1~CW01~DD01"
"1063743292","Latoya Scott","Jordan health at woodward","General Dentist","480 Genesee St","Rochester","NY","14611","5854363040","true","DD01"
"1114250941","Nadejda Stefanova Stephens","Jordan health at woodward","General Dentist","480 Genesee St","Rochester","NY","14611","5854363040","true","DD01"
"1356414080","Fred Blum","Fred g blum dmd pc","General Dentist","890 Winton Rd S","Rochester","NY","14618","5854611670","true","CD01"
"1174767511","Maricelle Abayon","Eastman denter center downtown","General Dentist","228 E Main St","Rochester","NY","14604","5852755051","true","CCG1~DD01"
"1609028190","Eli Eliav","Eastman denter center downtown","General Dentist","228 E Main St","Rochester","NY","14604","6625467501","true","CCG1~DD01"
"1851542203","Sangeeta Gajendra","Eastman denter center downtown","General Dentist","228 E Main St","Rochester","NY","14604","5852755051","true","DD01"
"1285835629","Adam Chalom","Brighton dental pllc","General Dentist","125 White Spruce Blvd","Rochester","NY","14623","5854245660","true","CJ01~DD01"
"1760514186","Ajay Dass","Brighton dental pllc","General Dentist","125 White Spruce Blvd","Rochester","NY","14623","5854245660","true","CCG1~CJ01~DD01"
"1558113753","Nathaniel Lyons","Brighton dental pllc","General Dentist","125 White Spruce Blvd","Rochester","NY","14623","5854245660","true","CW01~DD01"
"1396877270","Vandana Nanavati","Brighton dental pllc","General Dentist","125 White Spruce Blvd","Rochester","NY","14623","5854245660","true","CCG1~CJ01~CW01~DD01"
"1053540526","Alisa Kim","Brighton dental pllc","General Dentist","125 White Spruce Blvd","Rochester","NY","14623","5854245660","true","DD01"
"1114494911","Alf Bunes","Grassi & grassi pc","Endodontist","369 White Spruce Blvd","Rochester","NY","14623","5854241111","true","DD01"
"1821137860","Michael Grassi","Grassi & grassi pc","Endodontist","369 White Spruce Blvd","Rochester","NY","14623","5854241111","true","DD01"
"1245289404","Stephen Ruchlin","","General Dentist","377 White Spruce Blvd","Rochester","NY","14623","5854277820","true","CCG1"
"1033317300","Indra Quagliata","Smylique dentistry","General Dentist","200 White Spruce Blvd","Rochester","NY","14623","5854750140","true","CD01"
"1134512726","George Levine","","Oral Surgeon","840 University Ave","Rochester","NY","14607","5852787199","true","CML1~CSK1~CW01"
"1659987402","Jeffrey Levine","","Endodontist","840 University Ave","Rochester","NY","14607","5852787199","true","CML1~CSK1~CSW1"
"1962715342","Oriana Ly Mapes","","Pediatric Dentist","370 White Spruce Blvd","Rochester","NY","14623","5854245005","true","BJ01~CX01"
"1851913990","Goldbarg Razban","","Pediatric Dentist","370 White Spruce Blvd","Rochester","NY","14623","5854245005","true","CX01"
"1851913990","Goldbarg Razban","","Pediatric Dentist","370 White Spruce Blvd","Rochester","NY","14623","5854245005","true","CX01"
"","Bradley Kaufman","","General Dentist","925 E Henrietta Rd","Rochester","NY","14623","","true","CJ02"
"1023219268","Violeta Garcia-lepore","Violeta garcia lepore dds","General Dentist","420 White Spruce Blvd","Rochester","NY","14623","5852710549","true","CD01"
"1669239604","Christopher Lepore","Violeta garcia lepore dds","General Dentist","420 White Spruce Blvd","Rochester","NY","14623","5852710549","true","CD01"
"1881447902","John Lepore","Violeta garcia lepore dds","General Dentist","420 White Spruce Blvd","Rochester","NY","14623","5852710549","true","CD01"
"1386401768","Juliana Panteloukas","Violeta garcia lepore dds","General Dentist","420 White Spruce Blvd","Rochester","NY","14623","5852710549","true","CD01"
"1861402158","Gretchen Palmer","Crossbridge dental pc","General Dentist","2000 Winton Rd S","Rochester","NY","14618","5854272620","true","CCG1~CSW1~CW01~DD01"
"1295358109","Kefaia Alfasi","","General Dentist","75 Genesee St","Rochester","NY","14611","5853683800","true","CSW1"
"1346273109","Timothy Entwistle","","General Dentist","75 Genesee St","Rochester","NY","14611","5853683800","true","CCG1"
"1346273109","Timothy Entwistle","","General Dentist","75 Genesee St","Rochester","NY","14611","5853683800","true","CSW1"
"1679575153","Pei-wei Lin","","General Dentist","75 Genesee St","Rochester","NY","14611","5853683800","true","CSW1"
"1790216620","Hannah Marchese","","General Dentist","75 Genesee St","Rochester","NY","14611","5853683800","true","CSW1"
"1750903894","Brenda Ramos","","General Dentist","75 Genesee St","Rochester","NY","14611","5853683800","true","CSW1"
"1003557240","Ahmed Alsayed","Brighton dental care","General Dentist","2000 Winton Rd S","Rochester","NY","14618","5854242620","true","CCG1~DD01"
"1750810198","Fawad Javed","Brighton dental care","General Dentist","2000 Winton Rd S","Rochester","NY","14618","5854242620","true","CCG1~CSW1~CW01~CX01~DD01"
"1881606218","Maria Abeyounis","","General Dentist","75 Genesee St","Rochester","NY","14611","0000000000","true","CCG1~CSW1~CW01~CX01"
"1992232896","Aseel Al Ani","Unity dental at st marys","General Dentist","75 Genesee St","Rochester","NY","14611","5853683800","true","CD01"
"1295358109","Kefaia Alfasi","Unity dental at st marys","General Dentist","75 Genesee St","Rochester","NY","14611","5853683800","true","CD01~CW01~CX01"
"1659728061","Emmanuel Amundaray Diaz","","General Dentist","75 Genesee St","Rochester","NY","14611","5853683800","true","CD01"
"1629375506","Prachi Hanwatkar","Unity dental at st marys","General Dentist","75 Genesee St","Rochester","NY","14611","5853683800","true","CD01~CX01"
"1336259324","Michael Kozlowski","Unity dental at st marys","General Dentist","75 Genesee St","Rochester","NY","14611","5853683800","true","DD01"
"1194740886","Bernadette Lindquist","","General Dentist","75 Genesee St","Rochester","NY","14611","0000000000","true","CCG1~CW01~CX01"
"1326178906","Frank Massaro","","General Dentist","75 Genesee St","Rochester","NY","14611","5853683800","true","CCG1~CW01"
"1750903894","Brenda Ramos","Unity dental at st marys","General Dentist","75 Genesee St","Rochester","NY","14611","5853683800","true","CD01"
"1093108284","Marie Vitullo","","General Dentist","75 Genesee St","Rochester","NY","14611","5853683800","true","CW01"
"1093108284","Marie Vitullo","","General Dentist","65 Genesee St","Rochester","NY","14611","5853683720","true","CSW1"
"1750903894","Brenda Ramos","","General Dentist","75 Genesee St","Rochester","NY","14611","5853683800","true","CX01"
"1093028102","Parth Shah","","General Dentist","75 Genesee St","Rochester","NY","14611","5853683800","true","CX01"
"1881606218","Maria Abeyounis","Unity dental grp","General Dentist","89 Genesee St 2nd Fl","Rochester","NY","14611","5853683800","true","CD01~CX01"
"1336259324","Michael Kozlowski","Unity dental grp","General Dentist","89 Genesee St 2nd Fl","Rochester","NY","14611","5853683800","true","CD01"
"1194740886","Bernadette Lindquist","Unity dental grp","General Dentist","89 Genesee St 2nd Fl","Rochester","NY","14611","5853683800","true","CD01~CX01"
"1326178906","Frank Massaro","Unity dental grp","General Dentist","89 Genesee St 2nd Fl","Rochester","NY","14611","5853683800","true","CD01"
"1659787042","Marina Skrombolas","Unity dental grp","General Dentist","89 Genesee St 2nd Fl","Rochester","NY","14611","5853683800","true","CD01~CX01"
"1861654543","Scott Watson","Unity dental grp","General Dentist","89 Genesee St 2nd Fl","Rochester","NY","14611","5853683800","true","CD01"
"1023449352","Colleen Gordon","","Orthodontist","612 Thurston Rd","Rochester","NY","14619","5853285029","true","CSW1~DD01"
"1427189802","Arthur Guest","","General Dentist","651 Thurston Rd","Rochester","NY","14619","5853283472","true","CSW1~DD01"
"1609028190","Eli Eliav","Eastman dental school 17","General Dentist","158 Orchard St","Rochester","NY","14611","5853281043","true","CCG1~DD01"
"1851542203","Sangeeta Gajendra","Eastman dental school 17","General Dentist","158 Orchard St","Rochester","NY","14611","5853684500","true","CCG1~DD01"
"1902102783","David Fray","Anthony l jordan health center","General Dentist","82 Holland St","Rochester","NY","14605","5854235800","true","DD01"
"1568407245","Shaila Garasia","Anthony l jordan health center","General Dentist","82 Holland St","Rochester","NY","14605","5854235800","true","DD01"
"1346254398","Lawrence Giangreco","Anthony l jordan health center","General Dentist","82 Holland St","Rochester","NY","14605","5854235800","true","DD01"
"1467533968","Janice Harbin","Anthony l jordan health center","General Dentist","82 Holland St","Rochester","NY","14605","5854235800","true","DD01"
"1518012442","Titus Howell","Anthony l jordan health center","General Dentist","82 Holland St","Rochester","NY","14605","5854235800","true","CW01~DD01"
"1023152329","Ismatu Kamara","Anthony l jordan health center","General Dentist","82 Holland St","Rochester","NY","14605","5854235800","true","DD01"
"1881927606","Mei Li","Anthony l jordan health center","General Dentist","82 Holland St","Rochester","NY","14605","5854235800","true","DD01"
"1336472166","Joanne Lim","Anthony l jordan health center","General Dentist","82 Holland St","Rochester","NY","14605","5854235800","true","CW01~DD01"
"1407870264","Mary Miller","Anthony l jordan health center","General Dentist","82 Holland St","Rochester","NY","14605","5854235800","true","CCG1~CW01~DD01"
"1972836708","Li Ning","Anthony l jordan health center","General Dentist","82 Holland St","Rochester","NY","14605","5854235800","true","CW01~DD01"
"1205248242","Analia Ribeiro","Anthony l jordan health center","Pediatric Dentist","82 Holland St","Rochester","NY","14605","5854235800","true","CCG1~CW01~DD01"
"1063743292","Latoya Scott","Anthony l jordan health center","General Dentist","82 Holland St","Rochester","NY","14605","5854235800","true","CCG1~CW01~DD01"
"1114250941","Nadejda Stefanova Stephens","Anthony l jordan health center","General Dentist","82 Holland St","Rochester","NY","14605","5854235800","true","DD01"
"1346254398","Lawrence Giangreco","Jordan health link","General Dentist","273 Upper Falls Blvd","Rochester","NY","14605","5854542630","true","DD01"
"1467533968","Janice Harbin","Jordan health link","General Dentist","273 Upper Falls Blvd","Rochester","NY","14605","5854835802","true","DD01"
"1518012442","Titus Howell","Jordan health link","General Dentist","273 Upper Falls Blvd","Rochester","NY","14605","5854835802","true","CW01~DD01"
"1023152329","Ismatu Kamara","Jordan health link","General Dentist","273 Upper Falls Blvd","Rochester","NY","14605","5854835802","true","DD01"
"1407870264","Mary Miller","Jordan health link","General Dentist","273 Upper Falls Blvd","Rochester","NY","14605","5854835802","true","CW01~DD01"
"1972836708","Li Ning","Jordan health link","General Dentist","273 Upper Falls Blvd","Rochester","NY","14605","5854835802","true","CW01~DD01"
"1205248242","Analia Ribeiro","Jordan health link","Pediatric Dentist","273 Upper Falls Blvd","Rochester","NY","14605","5854835802","true","CCG1~CW01~DD01"
"1063743292","Latoya Scott","Jordan health link","General Dentist","273 Upper Falls Blvd","Rochester","NY","14605","5854835802","true","DD01"
"1114250941","Nadejda Stefanova Stephens","Jordan health link","General Dentist","273 Upper Falls Blvd","Rochester","NY","14605","5854835802","true","DD01"
"1609028190","Eli Eliav","Eastman dental center","General Dentist","1801 E Main St","Rochester","NY","14609","5852755051","true","CCG1~DD01"
"1851542203","Sangeeta Gajendra","Eastman dental center","General Dentist","1801 E Main St","Rochester","NY","14609","5852755051","true","CCG1~DD01"
"1457729659","Moshe Eizdi","","General Dentist","1955 South Atlantic Avenue","Hacienda Heights","CA","91745","3232642500","true","CSW1"
"1609028190","Eli Eliav","Eastman dental center","General Dentist","905 Culver Rd","Rochester","NY","14609","5852767900","true","CCG1~DD01"
"1366550881","Hans Malmstrom","Eastman dental center","General Dentist","905 Culver Rd","Rochester","NY","14609","5852755051","true","CCG1~DD01"
"1356740807","Adela Planerova","Eastman dental center","General Dentist","905 Culver Rd","Rochester","NY","14609","5852755051","true","CCG1~DD01"
"1023152329","Ismatu Kamara","","General Dentist","214a Lake Ave","Rochester","NY","14608","5854235800","true","CW01"
"1205248242","Analia Ribeiro","","Pediatric Dentist","214a Lake Ave","Rochester","NY","14608","5854235800","true","CW01"
"1063743292","Latoya Scott","","General Dentist","214a Lake Ave","Rochester","NY","14608","5854235800","true","CW01"
"1629089826","Kevin Apolito","Western new york dental group pc","General Dentist","1300 Jefferson Rd","Rochester","NY","14623","5854270400","true","CD01~CJ02~CSW1~CX01"
"1811069354","John Bacchetta","Western new york dental group pc","General Dentist","1300 Jefferson Rd","Rochester","NY","14623","5854270400","true","CCG1~CD01~CJ02~CSW1"
"1598881195","Debra Byers","Western new york dental group pc","General Dentist","1300 Jefferson Rd","Rochester","NY","14623","5856251250","true","CW01"
"1033777636","Mindy Dogmantis","Western new york dental group pc","General Dentist","1300 Jefferson Rd","Rochester","NY","14623","5854271250","true","CCG1~CD01~CJ02~CSW1~CX01"
"1376676866","Barry Enterline","Western new york dental group pc","General Dentist","1300 Jefferson Rd","Rochester","NY","14623","5854270400","true","CD01~CJ01~CSW1~CX01"
"1659987402","Jeffrey Levine","Western new york dental group pc","Endodontist","1300 Jefferson Rd","Rochester","NY","14623","5854271250","true","BJ01~CCG1~CD01~CSW1"
"1629708086","Mohamed Mahmoud","Western new york dental group pc","General Dentist","1300 Jefferson Rd","Rochester","NY","14623","5856251250","true","CD01"
"1699290064","Madelyn Sadibasic","Western new york dental group pc","General Dentist","1300 Jefferson Rd","Rochester","NY","14623","5854271250","true","CJ01"
"1770037665","Kavya Shah","Western new york dental group pc","General Dentist","1300 Jefferson Rd","Rochester","NY","14623","5856251250","true","CCG1~CD01~CJ02~CSW1"
"1548653900","Kara Tress","Western new york dental group pc","General Dentist","1300 Jefferson Rd","Rochester","NY","14623","5856251250","true","CCG1~CD01~CJ01~CSW1"
"1104073964","Philip Williams","Western new york dental group pc","General Dentist","1300 Jefferson Rd","Rochester","NY","14623","5854270400","true","CJ01~CW01"
"1275623100","Victor Colon","Anthony l jordan health center","General Dentist","322 Lake Ave","Rochester","NY","14608","5852546480","true","DD01"
"1568407245","Shaila Garasia","Anthony l jordan health center","General Dentist","322 Lake Ave","Rochester","NY","14608","5852546480","true","DD01"
"1346254398","Lawrence Giangreco","Anthony l jordan health center","General Dentist","322 Lake Ave","Rochester","NY","14608","5852546480","true","DD01"
"1467533968","Janice Harbin","Anthony l jordan health center","General Dentist","322 Lake Ave","Rochester","NY","14608","5852546480","true","DD01"
"1518012442","Titus Howell","Anthony l jordan health center","General Dentist","322 Lake Ave","Rochester","NY","14608","5852546480","true","CW01~DD01"
"1023152329","Ismatu Kamara","Anthony l jordan health center","General Dentist","322 Lake Ave","Rochester","NY","14608","5852546480","true","DD01"
"1336472166","Joanne Lim","","General Dentist","322 Lake Ave","Rochester","NY","14608","5852546480","true","CCG1"
"1407870264","Mary Miller","Anthony l jordan health center","General Dentist","322 Lake Ave","Rochester","NY","14608","5852546480","true","CW01~DD01"
"1972836708","Li Ning","Anthony l jordan health center","General Dentist","322 Lake Ave","Rochester","NY","14608","5852546480","true","CCG1~CW01~DD01"
"1205248242","Analia Ribeiro","Anthony l jordan health center","Pediatric Dentist","322 Lake Ave","Rochester","NY","14608","5852546480","true","CCG1~CW01~DD01"
"1063743292","Latoya Scott","Anthony l jordan health center","General Dentist","322 Lake Ave","Rochester","NY","14608","5852546480","true","DD01"
"1114250941","Nadejda Stefanova Stephens","Anthony l jordan health center","General Dentist","322 Lake Ave","Rochester","NY","14608","5852546480","true","DD01"
"1326167271","Jeffrey Waxman","","General Dentist","2500 East Ave","Rochester","NY","14610","5853854270","true","CUH1"
"1073608352","John Gill","Aspen dental assoc","General Dentist","1000 Hylan Dr","Rochester","NY","14623","5852926300","true","DD01"
"1750959946","Mandana Hashemi","","General Dentist","1000 Hylan Dr","Rochester","NY","14623","7162926300","true","CJ01"
"1952522278","Arwinder Judge","Aspen dental","General Dentist","1000 Hylan Dr","Rochester","NY","14623","5852926300","true","CD01"
"1689961609","Sai Mandava","","General Dentist","1000 Hylan Dr","Rochester","NY","14623","7162926300","true","CSK1"
"1811459878","Lakshmi Mandava","Aspen dental","General Dentist","1000 Hylan Dr","Rochester","NY","14623","5852926300","true","CCG1~CD01~CJ01~CPF1~CSE1~CSK1~CSW1~CX01"
"1174142632","Salman Masood","Aspen dental","General Dentist","1000 Hylan Dr","Rochester","NY","14623","5852926300","true","CCG1~CD01~CSW1~CW01~CX01"
"1942364633","Kathryn Strassner","Aspen dental","General Dentist","1000 Hylan Dr","Rochester","NY","14623","5852926300","true","CJ01"
"1750959946","Mandana Hashemi","","General Dentist","1000 Hylan Dr","Rochester","NY","14623","5852926300","true","CJ01"
"1962073841","Kim Rooprai","","General Dentist","1000 Hylan Dr","Rochester","NY","14623","5852926300","true","CJ01"
"1295358109","Kefaia Alfasi","Unity dental at st marys","General Dentist","255 Mckee Rd","Rochester","NY","14611","5853683720","true","CW01~CX01"
"1326178906","Frank Massaro","","General Dentist","255 Mckee Rd","Rochester","NY","14611","5853683720","true","CW01"
"1639539844","Petrica Rouse","Regional health reach inc","General Dentist","255 Mckee Rd","Rochester","NY","14611","5853683720","true","CD01~CX01"
"1821106436","Ricardo Huerta-andrade","","Prosthodontist","80 Office Park Way","Pittsford","NY","14534","5853817970","true","CD01"
"1073643243","Ronald Daymon","","General Dentist","1295 Portland Ave","Rochester","NY","14621","5853428050","true","CCG1~DD01"
"1174638183","Thomas Burm","","General Dentist","523 Beahan Rd","Rochester","NY","14624","5854262550","true","CML1"
"1326198565","Mark Balonek","Balonek dds pc","General Dentist","513 Beahan Rd","Rochester","NY","14624","5854263050","true","CCG1~CD01"
"1467835777","Jonathan Redditt","","Oral Surgeon","200 Linden Oaks","Rochester","NY","14625","5854421492","true","CCG1"
"1639607799","Alfonso Lara Brain","Aspen dental","General Dentist","2100 Chili Ave","Rochester","NY","14624","5852257700","true","CCG1~CD01~CJ01~CPF1~CSE1~CSK1~CSW1~CX01"
"1689961609","Sai Mandava","","General Dentist","2100 Chili Ave","Rochester","NY","14624","5852477700","true","CCG1~CSE1~CSK1"
"1689961609","Sai Mandava","","General Dentist","2100 Chili Ave","Rochester","NY","14624","5852477700","true","CML1~CPF1~CSW1"
"1174142632","Salman Masood","Aspen dental","General Dentist","2100 Chili Ave","Rochester","NY","14624","5852257700","true","CCG1~CD01~CJ01~CSE1~CSK1~CSW1~CX01"
"1013070994","Iswara Parvathaneni","Aspen dental","General Dentist","2100 Chili Ave","Rochester","NY","14624","5852477700","true","CD01~CJ01~CPF1~CSE1~CSK1"
"1962073841","Kim Rooprai","Aspen dental","General Dentist","2100 Chili Ave","Rochester","NY","14624","5852477700","true","CD01~CJ01~CPF1~CSW1~CX01"
"1639744816","Emily Waldman","Aspen dental","General Dentist","2100 Chili Ave","Rochester","NY","14624","5852477700","true","CCG1~CD01~CJ01~CPF1~CSE1~CSK1~CSW1~CX01"
"1013070994","Iswara Parvathaneni","","General Dentist","2100 Chili Ave","Rochester","NY","14624","5852477700","true","CCG1"
"1962073841","Kim Rooprai","","General Dentist","2100 Chili Ave","Rochester","NY","14624","5852477700","true","CCG1"
"1881606218","Maria Abeyounis","","General Dentist","1425 Portland Ave","Rochester","NY","14621","5859224103","true","CW01"
"1992232896","Aseel Al Ani","Rochester general hospital","General Dentist","1425 Portland Ave","Rochester","NY","14621","5859224103","true","CD01"
"1578971446","Navjot Alag","Rochester general hospital","General Dentist","1425 Portland Ave","Rochester","NY","14621","5859225993","true","CW01"
"1295358109","Kefaia Alfasi","","General Dentist","1425 Portland Ave","Rochester","NY","14621","5859224103","true","CW01"
"1871114728","Akarsh Batra","Rochester general hospital","General Dentist","1425 Portland Ave","Rochester","NY","14621","5859224103","true","CD01~CSW1~CX01"
"1710354493","Lindsey Behrman","","Pediatric Dentist","1425 Portland Ave","Rochester","NY","14621","5859224103","true","CSW1"
"1063569283","Carmen Benitez","Rochester general hospital","General Dentist","1425 Portland Ave","Rochester","NY","14621","5859224103","true","CD01~CSW1~CW01~CX01"
"1619022449","Jolly Caplash","Rochester general hospital","General Dentist","1425 Portland Ave","Rochester","NY","14621","5859224103","true","CSW1~CW01"
"1629375506","Prachi Hanwatkar","Rochester general hospital","General Dentist","1425 Portland Ave","Rochester","NY","14621","5859224103","true","CD01~CSW1~CW01~CX01"
"1073568556","Thomas Helfst","Rochester general hospital","Oral Surgeon","1425 Portland Ave","Rochester","NY","14621","5859224103","true","CW01~CX01~DD01"
"1336259324","Michael Kozlowski","","General Dentist","1425 Portland Ave","Rochester","NY","14621","5859224103","true","CW01"
"1912017336","Michael Krzemien","Rochester general hospital","Oral Surgeon","1425 Portland Ave","Rochester","NY","14621","5859224103","true","CSW1~CW01"
"1679575153","Pei-wei Lin","","General Dentist","1425 Portland Ave","Rochester","NY","14621","5859224103","true","CW01"
"1194740886","Bernadette Lindquist","","General Dentist","1425 Portland Ave","Rochester","NY","14621","5859224103","true","CW01"
"1790216620","Hannah Marchese","","General Dentist","1425 Portland Ave","Rochester","NY","14621","5859224103","true","CSW1~CW01"
"1326178906","Frank Massaro","","General Dentist","1425 Portland Ave","Rochester","NY","14621","5859224103","true","CW01"
"1366535544","Nicole Mooney","Rochester general hospital","Pediatric Dentist","1425 Portland Ave","Rochester","NY","14621","5859225993","true","CSW1~CW01"
"1619438652","Angel Ogbeide","Rochester general hospital","General Dentist","1425 Portland Ave","Rochester","NY","14621","5859224103","true","CD01~CX01"
"1477243822","Emily Paszko","","General Dentist","1425 Portland Ave","Rochester","NY","14621","5859224103","true","CSW1~CW01~CX01"
"1598984411","Steven Ragan","Rochester general hospital","General Dentist","1425 Portland Ave","Rochester","NY","14621","5859224103","true","CD01~CW01~CX01"
"1467835777","Jonathan Redditt","Rochester general hospital","Oral Surgeon","1425 Portland Ave","Rochester","NY","14621","5859224103","true","CSW1~CW01~CX01"
"1093108284","Marie Vitullo","","General Dentist","1425 Portland Ave","Rochester","NY","14621","5859224103","true","CSW1~CW01"
"1285812636","Meggy Kemshetti","Brite family dental care pllc","Pediatric Dentist","2772 E Henrietta Rd","Henrietta","NY","14467","5854864664","true","CCG1~DD01"
"1336176775","Andrea Morales-ross","Brite family dental care pllc","General Dentist","2772 E Henrietta Rd","Henrietta","NY","14467","5854864664","true","CCG1~DD01"
"1265661300","Ahmed El-halaby","Bateman orthodontics pllc","Periodontist","564 E Ridge Rd","Rochester","NY","14621","5853104078","true","CD01"
"1902499593","Nirali Kadakia","","General Dentist","564 E Ridge Rd","Rochester","NY","14621","5852482297","true","CJ01"
"1003557240","Ahmed Alsayed","Bateman orthodontics","General Dentist","564 E Ridge Rd","Rochester","NY","14621","5856215520","true","CD01"
"1225101272","David Olivo","","General Dentist","2005 Lyell Ave","Rochester","NY","14606","5853283382","true","CCG1~CML1"
"1457499766","Christopher Arena","Aspen dental assoc","General Dentist","1238 E Ridge Rd","Rochester","NY","14621","5855448220","true","CJ01"
"1538342191","Keena Brittingham","Aspen dental assoc","General Dentist","1238 E Ridge Rd","Rochester","NY","14621","5855448220","true","CJ01"
"1780886101","Caprice Dakwar","Aspen dental assoc","General Dentist","1238 E Ridge Rd","Rochester","NY","14621","5855448220","true","DD01"
"1679656730","Isam Hamati","Aspen dental assoc","General Dentist","1238 E Ridge Rd","Rochester","NY","14621","5855448220","true","CJ01"
"1750959946","Mandana Hashemi","Aspen dental","General Dentist","1238 E Ridge Rd","Rochester","NY","14621","5855448220","true","CD01~CJ01"
"1801808886","Mijin Kim","Aspen dental","General Dentist","1238 E Ridge Rd","Rochester","NY","14621","5855448220","true","CCG1~CD01~CJ01~CPF1~CSA1~CSW1~CX01"
"1689961609","Sai Mandava","","General Dentist","1238 E Ridge Rd","Rochester","NY","14621","5855448220","true","CCG1~CML1~CPF1~CSK1"
"1588783377","M Shinaishin","Aspen dental assoc","General Dentist","1238 E Ridge Rd","Rochester","NY","14621","5855448220","true","CJ01"
"1942364633","Kathryn Strassner","Aspen dental assoc","General Dentist","1238 E Ridge Rd","Rochester","NY","14621","5855448220","true","CJ01"
"1689961609","Sai Mandava","","General Dentist","1238 Ridge Rd E","Rochester","NY","14621","5855448220","true","CSE1"
"1447252747","Emmanuel Puddicombe","Family dentistry of lyons","General Dentist","1800 Hudson Ave","Rochester","NY","14617","3159464658","true","DD01"
"1629089826","Kevin Apolito","Western new york dental group","General Dentist","1338 E Ridge Rd","Rochester","NY","14621","5855442003","true","CD01~CJ01"
"1396809570","David Attardi","","General Dentist","1338 E Ridge Rd","Rochester","NY","14621","5855442003","true","CSK1"
"1659477271","Joseph Attardo","","General Dentist","1338 E Ridge Rd","Rochester","NY","14621","5855442003","true","CSK1"
"1184831109","Jack Dorkhom","","General Dentist","1338 E Ridge Rd","Rochester","NY","14621","5855442003","true","CW01"
"1376676866","Barry Enterline","Western new york dental group","General Dentist","1338 E Ridge Rd","Rochester","NY","14621","5855442003","true","CD01~CJ01"
"1538181995","Kenneth Lee","","General Dentist","1338 E Ridge Rd","Rochester","NY","14621","5855442003","true","CX01"
"1114098142","Josue Padilla","","Periodontist","1338 E Ridge Rd","Rochester","NY","14621","5855442003","true","CSK1"
"1083603153","Sailesh Patel","","General Dentist","1338 E Ridge Rd","Rochester","NY","14621","5855442003","true","CX01"
"1457744633","Sanel Sadibasic","Western new york dental group","General Dentist","1338 E Ridge Rd","Rochester","NY","14621","5855442003","true","CD01~CX01"
"1881606218","Maria Abeyounis","Rgh dental center at rhc","General Dentist","1455 E Ridge Rd","Rochester","NY","14621","5859224103","true","CW01"
"1992232896","Aseel Al Ani","Rgh dental center at rhc","General Dentist","1455 E Ridge Rd","Rochester","NY","14621","5859224103","true","CD01~CSW1~CW01"
"1295358109","Kefaia Alfasi","Rgh dental center at rhc","General Dentist","1455 E Ridge Rd","Rochester","NY","14621","5859224103","true","CW01~CX01"
"1659728061","Emmanuel Amundaray Diaz","Rgh dental center at rhc","General Dentist","1455 E Ridge Rd","Rochester","NY","14621","5859224103","true","CCG1~CD01~CX01"
"1871114728","Akarsh Batra","Rgh dental center at rhc","General Dentist","1455 E Ridge Rd","Rochester","NY","14621","5859224103","true","CD01~CSW1~CW01"
"1710354493","Lindsey Behrman","Rgh dental center at rhc","Pediatric Dentist","1455 E Ridge Rd","Rochester","NY","14621","5859224103","true","CSW1"
"1063569283","Carmen Benitez","Rgh dental center at rhc","General Dentist","1455 E Ridge Rd","Rochester","NY","14621","5859224103","true","CCG1~CD01~CSW1~CW01~CX01"
"1619022449","Jolly Caplash","Rgh dental center at rhc","General Dentist","1455 E Ridge Rd","Rochester","NY","14621","5859224103","true","CCG1~CSW1~CW01~CX01"
"1346273109","Timothy Entwistle","Rgh dental center at rhc","General Dentist","1455 E Ridge Rd","Rochester","NY","14621","5859224103","true","CW01"
"1609229426","Ahmed Farag","Rgh dental center at rhc","General Dentist","1455 E Ridge Rd","Rochester","NY","14621","5859224103","true","CD01~CSW1"
"1780991695","Adela Guset","Rgh dental center at rhc","General Dentist","1455 E Ridge Rd","Rochester","NY","14621","5859224103","true","CCG1~CSW1~CW01"
"1629375506","Prachi Hanwatkar","Rgh dental center at rhc","General Dentist","1455 E Ridge Rd","Rochester","NY","14621","5859224103","true","CCG1~CD01~CSW1~CW01~CX01"
"1073568556","Thomas Helfst","Rgh dental center at rhc","Oral Surgeon","1455 E Ridge Rd","Rochester","NY","14621","5859224103","true","CSW1~CW01~CX01~DD01"
"1336259324","Michael Kozlowski","Rgh dental center at rhc","General Dentist","1455 E Ridge Rd","Rochester","NY","14621","5859224103","true","CD01~CW01"
"1912017336","Michael Krzemien","Rgh dental center at rhc","Oral Surgeon","1455 E Ridge Rd","Rochester","NY","14621","5859224103","true","CCG1~CSW1~CW01~CX01"
"1679575153","Pei-wei Lin","Rgh dental center at rhc","General Dentist","1455 E Ridge Rd","Rochester","NY","14621","5859224103","true","CCG1~CD01~CSW1~CW01~CX01"
"1194740886","Bernadette Lindquist","Rgh dental center at rhc","General Dentist","1455 E Ridge Rd","Rochester","NY","14621","5859224103","true","CW01"
"1326178906","Frank Massaro","Rgh dental center at rhc","General Dentist","1455 E Ridge Rd","Rochester","NY","14621","5859224103","true","CW01"
"1366535544","Nicole Mooney","Rgh dental center at rhc","Pediatric Dentist","1455 E Ridge Rd","Rochester","NY","14621","5859224103","true","CSW1~CW01~CX01"
"1619438652","Angel Ogbeide","Rgh dental center at rhc","General Dentist","1455 E Ridge Rd","Rochester","NY","14621","5859224103","true","CD01~CX01"
"1477243822","Emily Paszko","","General Dentist","1455 E Ridge Rd","Rochester","NY","14621","5859224103","true","CSW1~CW01~CX01"
"1023240173","Renee Pellegrino","Rgh dental center at rhc","General Dentist","1455 E Ridge Rd","Rochester","NY","14621","5859224103","true","CCG1~CSW1"
"1750903894","Brenda Ramos","Rgh dental center at rhc","General Dentist","1455 E Ridge Rd","Rochester","NY","14621","5859224103","true","CD01~CSW1"
"1467835777","Jonathan Redditt","Rgh dental center at rhc","Oral Surgeon","1455 E Ridge Rd","Rochester","NY","14621","5859224103","true","CSW1~CW01~CX01"
"1366199093","Lindsay Roberge","","General Dentist","1455 E Ridge Rd","Rochester","NY","14621","5859224103","true","CSW1"
"1093028102","Parth Shah","Rgh dental center at rhc","General Dentist","1455 E Ridge Rd","Rochester","NY","14621","5859224103","true","CD01"
"1821404112","Heloisa Terra","","General Dentist","1455 E Ridge Rd","Rochester","NY","14621","5859224103","true","CSW1"
"1093108284","Marie Vitullo","Rgh dental center at rhc","General Dentist","1455 E Ridge Rd","Rochester","NY","14621","5859224103","true","CSW1~CW01"
"1801971304","Douglas Trolley","Trolley dental care pc","General Dentist","24 Grove St","Pittsford","NY","14534","5853851315","true","CD01"
"1013034784","Andrew Dvonch","Linden oaks dental","General Dentist","790 Linden Ave","Rochester","NY","14625","5853852020","true","CJ02"
"1164527677","William Schoepfel","Ridgeplex dental","General Dentist","1730 E Ridge Rd","Rochester","NY","14622","5855442003","true","CCG1~CD01~CX01"
"1538229554","Ayman Mansour","","General Dentist","2255 E Ridge Rd","Rochester","NY","14622","5855448220","true","CW01"
"1053651588","Lavanya Pernapati","","General Dentist","2255 E Ridge Rd","Rochester","NY","14622","5855448220","true","CW01"
"1013090844","Chhaya Sangave","Gates dental svc","General Dentist","2119 Buffalo Rd","Rochester","NY","14624","5852471961","true","CSK1"
"1164664207","Andrey Ustinenkov","","General Dentist","2255 E Ridge Rd","Rochester","NY","14622","5855448220","true","CSW1"
"1861654543","Scott Watson","","General Dentist","714 Titus Ave","Rochester","NY","14617","5853424220","true","CCG1"
"1023420908","Meaghan Bolger","Western new york dental group","General Dentist","2300 Buffalo Rd","Rochester","NY","14624","5854263020","true","CJ01"
"1811440670","Michael Daly","Western new york dental group","General Dentist","2300 Buffalo Rd","Rochester","NY","14624","5854263020","true","CSW1"
"1659987402","Jeffrey Levine","Western new york dental group","Endodontist","2300 Buffalo Rd","Rochester","NY","14624","5854263020","true","BJ01~CCG1~CD01~CSW1"
"1205686565","Michael Pringle","Western new york dental group","General Dentist","2300 Buffalo Rd","Rochester","NY","14624","5854263020","true","CCG1~CD01~CJ02~CSW1"
"1699290064","Madelyn Sadibasic","Western new york dental group","General Dentist","2300 Buffalo Rd","Rochester","NY","14624","5854263020","true","CJ01"
"1770037665","Kavya Shah","Western new york dental group","General Dentist","2300 Buffalo Rd","Rochester","NY","14624","5854263020","true","CCG1~CD01~CJ02~CSW1"
"1548653900","Kara Tress","Western new york dental group","General Dentist","2300 Buffalo Rd","Rochester","NY","14624","7164263020","true","CCG1~CD01~CJ02~CSW1"
"1730671850","Timothy Violante","Western new york dental group","Periodontist","2300 Buffalo Rd","Rochester","NY","14624","7164263020","true","BJ01~CCG1~CD01~CSW1"
"1629089826","Kevin Apolito","Western new york dental group -gates","General Dentist","2300 Buffalo Rd","Rochester","NY","14624","5854263020","true","CD01~CJ02~CSW1"
"1851968069","Rebecca Aranov","Western new york dental group -gates","General Dentist","2300 Buffalo Rd","Rochester","NY","14624","5854263020","true","CCG1~CD01~CJ02~CSW1"
"1578940730","Charles Burchfield","Western new york dental group -gates","Oral Surgeon","2300 Buffalo Rd","Rochester","NY","14624","5854263020","true","BJ01~CCG1~CD01~CSW1"
"1487091427","Anthony Costanzo","Western new york dental group -gates","Pediatric Dentist","2300 Buffalo Rd","Rochester","NY","14624","5854263020","true","CD01"
"1376676866","Barry Enterline","Western new york dental group -gates","General Dentist","2300 Buffalo Rd","Rochester","NY","14624","5854263020","true","CD01~CSW1"
"1538181995","Kenneth Lee","Western new york dental group -gates","General Dentist","2300 Buffalo Rd","Rochester","NY","14624","5854263020","true","CSW1~CX01"
"1083603153","Sailesh Patel","Western new york dental group -gates","General Dentist","2300 Buffalo Rd","Rochester","NY","14624","5854263020","true","CX01"
"1528329224","James Roger","","Oral Surgeon","2300 Buffalo Rd","Rochester","NY","14624","5854263020","true","CCG1~CSW1"
"1265518013","Allan Romeo","","Periodontist","2300 Buffalo Rd","Rochester","NY","14624","5854263020","true","CX01"
"1790708337","Peter Starkey","Q dental assoc","General Dentist","2300 Buffalo Rd","Rochester","NY","14624","5854263020","true","CJ01"
"1811086358","Cheryl Brunelle","Lilac family dental care","General Dentist","214 W Commercial St","East Rochester","NY","14445","5855864674","true","CD01~CSW1"
"1073951745","Daniel Kloc","Lilac family dental care","General Dentist","214 W Commercial St","East Rochester","NY","14445","5855864674","true","CD01~CSW1"
"1457049397","Brian Tran","Lilac family dental care","General Dentist","214 W Commercial St","East Rochester","NY","14445","5855864674","true","CD01~CSW1"
"1073929261","Filip Ambrosio","Progressive implantology & periodontics","Periodontist","105 Canal Landing Blvd","Rochester","NY","14626","3853854867","true","CD01"
"1386752459","Jhujhar Bhambra","Progressive endo of greece","Endodontist; General Dentist","105 Canal Landing Blvd","Rochester","NY","14626","5857233636","true","CCG1~CD01~CSK1~CSW1~CW01"
"1528046620","Andrew Bracci","Progressive implantology & periodontics","Oral Surgeon","105 Canal Landing Blvd","Rochester","NY","14626","5852274867","true","CD01"
"1962930974","Meng Lee","Progressive implantology & periodontics","Periodontist","105 Canal Landing Blvd","Rochester","NY","14626","5852274867","true","CD01"
"1598030223","Stephen Phillips","Progressive implantology & periodontics","Periodontist","105 Canal Landing Blvd","Rochester","NY","14626","5852274867","true","CW01"
"1376764977","Harinderbir  Singh","Progressive endo of greece","Endodontist","105 Canal Landing Blvd","Rochester","NY","14626","5857233636","true","CD01"
"1144595869","Jonathan Adler","Flower city dental","General Dentist","317 Main St","East Rochester","NY","14445","5852482273","true","DD01"
"1811086358","Cheryl Brunelle","Flower city dental","General Dentist","317 Main St","East Rochester","NY","14445","5852482273","true","CSW1~DD01"
"1417048604","Constantine Christie","Flower city dental","General Dentist","317 Main St","East Rochester","NY","14445","5852482273","true","CJ01~CSW1~DD01"
"1114500873","Hrant Kavoukdjian","Flower city dental","Prosthodontist","317 Main St","East Rochester","NY","14445","5852482273","true","CSW1~DD01"
"1760785323","Xiuxin Liu","Flower city dental","General Dentist","317 Main St","East Rochester","NY","14445","5852482273","true","CW01"
"","Quang Nguyen","Flower city dental","General Dentist","317 Main St","East Rochester","NY","14445","5852482273","true","CJ01~CW01"
"1649296856","Charles Somerville","Flower city dental","General Dentist","317 Main St","East Rochester","NY","14445","5852482273","true","CSW1~DD01"
"1023630183","Parul Verma","Flower city dental","General Dentist","317 Main St","East Rochester","NY","14445","5852482273","true","CJ01~CSW1~CX01~DD01"
"1396790366","Joseph Zaremba","Flower city dental","General Dentist","317 Main St","East Rochester","NY","14445","5852482273","true","DD01"
"1811907140","Susan Bracker","Susan bracker dds","General Dentist","1 Saredon Pl","Rochester","NY","14606","5852255600","true","CD01"
"1134702558","Jeremy Brandwein","","General Dentist","1674 Empire Blvd","Webster","NY","14580","5856712623","true","CX01"
"1710549662","Tehila Cohen","","General Dentist","1674 Empire Blvd","Webster","NY","14580","5856712623","true","CX01"
"1457173544","Yesim Tanyeri","","General Dentist","1674 Empire Blvd","Webster","NY","14580","5856712623","true","CX01"
"1316630825","Mohammed Almirza","","Orthodontist","1674 Empire Blvd","Webster","NY","14580","5856718010","true","CCG1~CX01"
"1760673974","Robert Ashinsky","","General Dentist","1674 Empire Blvd","Webster","NY","14580","5854963821","true","CCG1~CX01"
"1154902591","Daphne Benedit","","General Dentist","1674 Empire Blvd","Webster","NY","14580","5854963821","true","CCG1~CX01"
"1134702558","Jeremy Brandwein","Empire dental care","General Dentist","1674 Empire Blvd","Webster","NY","14580","5855015199","true","CCG1~CD01~CSW1"
"1073683330","Andrew Breiman","Empire dental care","Oral Surgeon","1674 Empire Blvd","Webster","NY","14580","5855015199","true","CCG1~CD01~CSW1"
"1386133056","Richard Chae","","General Dentist","1674 Empire Blvd","Webster","NY","14580","5854963821","true","CCG1~CX01"
"1922700111","Razvan Cirligeanu","Empire dental care","General Dentist","1674 Empire Blvd","Webster","NY","14580","5855015199","true","CCG1~CD01~CX01"
"1528798790","Joseph Danial","Empire dental care","General Dentist","1674 Empire Blvd","Webster","NY","14580","5855015199","true","CD01"
"1518165885","Dan Doaga","","General Dentist","1674 Empire Blvd","Webster","NY","14580","5854963821","true","CCG1~CSW1~CX01"
"1720099583","Stephen Fassman","Empire dental care","General Dentist","1674 Empire Blvd","Webster","NY","14580","5855015199","true","CD01~CSW1~CX01"
"1841417243","Arthur Feldsott","Empire dental care","General Dentist","1674 Empire Blvd","Webster","NY","14580","5855015199","true","CD01"
"1437734647","Wenbin Feng","","General Dentist","1674 Empire Blvd","Webster","NY","14580","5854963821","true","CX01"
"1689384836","Micheal Gray","Empire dental care","General Dentist","1674 Empire Blvd","Webster","NY","14580","5855015199","true","CCG1~CD01~CSW1"
"1780991695","Adela Guset","Empire dental care","General Dentist","1674 Empire Blvd","Webster","NY","14580","5855015199","true","CCG1~CD01~CSW1"
"1518157767","Leon James","","General Dentist","1674 Empire Blvd","Webster","NY","14580","5854963821","true","CCG1~CX01"
"1699117200","Nassim Khataie","Empire dental care","General Dentist","1674 Empire Blvd","Webster","NY","14580","5855015199","true","CSW1~CX01"
"1891374559","Camilo Leal-escobar","Empire dental care","General Dentist","1674 Empire Blvd","Webster","NY","14580","5855015199","true","CCG1~CD01~CSW1~CX01"
"1144916784","Zachary Marji","Empire dental care","General Dentist","1674 Empire Blvd","Webster","NY","14580","5855015199","true","CCG1~CD01~CX01"
"1871791145","Loredana Markovitch","","General Dentist","1674 Empire Blvd","Webster","NY","14580","5854963821","true","CCG1~CX01"
"1124165519","Shay Markovitch","Empire dental care","General Dentist","1674 Empire Blvd","Webster","NY","14580","5855015199","true","CD01~CSW1~CX01"
"1750827689","Tamilla Meisenberg","","General Dentist","1674 Empire Blvd","Webster","NY","14580","5854963821","true","CCG1~CSW1~CX01"
"1336895630","Huang Qirong","","General Dentist","1674 Empire Blvd","Webster","NY","14580","5856718011","true","CCG1~CSW1~CX01"
"1235227497","Lauren Rosella","Empire dental care","General Dentist","1674 Empire Blvd","Webster","NY","14580","5855015199","true","DD01"
"1780607127","Daria Royzman","","Periodontist","1674 Empire Blvd","Webster","NY","14580","5854963821","true","CCG1~CX01"
"1811384191","Lenny Santos","Empire dental care","General Dentist","1674 Empire Blvd","Webster","NY","14580","5855015199","true","CCG1~CD01~CSW1~CX01"
"1427758937","Yianni Savidis","","General Dentist","1674 Empire Blvd","Webster","NY","14580","5854963821","true","CCG1~CX01"
"1114661162","Derek Schutzman","Empire dental care","General Dentist","1674 Empire Blvd","Webster","NY","14580","5855015199","true","CSW1"
"1003499435","Kennedy Seefeldt","Empire dental care","General Dentist","1674 Empire Blvd","Webster","NY","14580","5855015199","true","CCG1~CD01~CSW1~CX01"
"1831777853","Kriti Sood","","General Dentist","1674 Empire Blvd","Webster","NY","14580","5854963821","true","CCG1"
"1225110398","Barry Steinberg","","General Dentist","1674 Empire Blvd","Webster","NY","14580","5854963821","true","CX01"
"1760722292","Konstantina Syrrakou","Empire dental care","General Dentist","1674 Empire Blvd","Webster","NY","14580","5855015199","true","CSW1~CX01"
"1457173544","Yesim Tanyeri","","General Dentist","1674 Empire Blvd","Webster","NY","14580","5855015199","true","CSW1"
"1619401890","Chantal Tavarez Monegro","Empire dental care","General Dentist","1674 Empire Blvd","Webster","NY","14580","5855015199","true","CCG1~CD01"
"1629089826","Kevin Apolito","Western new york dental group greece","General Dentist","1524 W Ridge Rd","Rochester","NY","14615","5858652200","true","CD01~CJ02"
"1033777636","Mindy Dogmantis","Western new york dental group greece","General Dentist","1524 W Ridge Rd","Rochester","NY","14615","5858652200","true","CCG1~CD01~CJ02~CX01"
"1205686565","Michael Pringle","Western new york dental group greece","General Dentist","1524 W Ridge Rd","Rochester","NY","14615","5858652200","true","CCG1~CD01"
"1548653900","Kara Tress","","General Dentist","1524 W Ridge Rd","Rochester","NY","14615","5858652200","true","CCG1~CSW1"
"1629089826","Kevin Apolito","","General Dentist","1524 W Ridge Rd","Rochester","NY","14615","5858652200","true","CSW1"
"1811069354","John Bacchetta","Western ny dental group","General Dentist","1524 W Ridge Rd","Rochester","NY","14615","5858652200","true","CJ01"
"1578940730","Charles Burchfield","Western ny dental group","Oral Surgeon","1524 W Ridge Rd","Rochester","NY","14615","5858652200","true","BJ01~CCG1~CD01"
"1659987402","Jeffrey Levine","Western ny dental group","Endodontist","1524 W Ridge Rd","Rochester","NY","14615","5858652200","true","BJ01~CCG1~CD01~CSW1"
"1699290064","Madelyn Sadibasic","Western ny dental group","General Dentist","1524 W Ridge Rd","Rochester","NY","14615","5858652200","true","CD01"
"1710058383","Mark Tomiuk","Western ny dental group","General Dentist","1524 W Ridge Rd","Rochester","NY","14615","5858652200","true","CCG1~CD01~CJ02~CSW1"
"1730671850","Timothy Violante","","Periodontist","1524 W Ridge Rd","Rochester","NY","14615","5858652200","true","CSW1"
"1518032770","Manuel Hoyo","Lakeshore endodontics","Endodontist","3000 Mount Read Blvd","Rochester","NY","14616","7163213430","true","CD01"
"1306904248","Claudia Lambertucci-hoyo","Lakeshore endodontics","Endodontist","3000 Mount Read Blvd","Rochester","NY","14616","7166631300","true","CD01"
"1578940730","Charles Burchfield","","Oral Surgeon","Stoneridge Plaza","Rochester","NY","14615","5858652200","true","CSW1"
"1609021682","Oliver Cabrera","Greece family dentistry & impl","General Dentist","120 Erie Canal Dr","Rochester","NY","14626","5856216460","true","CSW1"
"1417048604","Constantine Christie","Flower city dental pc","General Dentist","2765 Buffalo Rd","Rochester","NY","14624","7164260810","true","CSW1~DD01"
"1649296856","Charles Somerville","Flower city dental","General Dentist","2765 Buffalo Rd","Rochester","NY","14624","5852482273","true","CSW1~DD01"
"1750547154","Deepak Gupta","Flower city dental of gates","General Dentist","2765 Buffalo Rd","Rochester","NY","14624","5854850292","true","CCG1~CSW1~CW01~CX01~DD01"
"1750547154","Deepak Gupta","Flower city dental of gates","General Dentist","2765 Buffalo Rd","Rochester","NY","14624","5854850292","true","CCG1~CSW1~CW01~CX01~DD01"
"1093830119","Eric Benson","Roc smiles","General Dentist","91 Erie Canal Dr","Rochester","NY","14626","5854260810","true","CCG1~CD01~CPF1~CSW1~CX01"
"1467835777","Jonathan Redditt","","Oral Surgeon","2655 Ridgeway Ave","Rochester","NY","14626","5857237000","true","CW01"
"1881606218","Maria Abeyounis","The unity hospital of rochester","General Dentist","2655 Ridgeway Ave","Rochester","NY","14626","5852951890","true","CCG1~CD01~CW01"
"1992232896","Aseel Al Ani","The unity hospital of rochester","General Dentist","2655 Ridgeway Ave","Rochester","NY","14626","5852951890","true","CCG1~CD01~CSW1~CW01"
"1295358109","Kefaia Alfasi","The unity hospital of rochester","General Dentist","2655 Ridgeway Ave","Rochester","NY","14626","5852951890","true","CW01~CX01"
"1659728061","Emmanuel Amundaray Diaz","The unity hospital of rochester","General Dentist","2655 Ridgeway Ave","Rochester","NY","14626","5852951890","true","CCG1~CD01~CX01"
"1346273109","Timothy Entwistle","The unity hospital of rochester","General Dentist","2655 Ridgeway Ave","Rochester","NY","14626","5852951890","true","CCG1~CD01~CSW1~CW01~CX01"
"1609229426","Ahmed Farag","The unity hospital of rochester","General Dentist","2655 Ridgeway Ave","Rochester","NY","14626","5852951890","true","CD01~CSW1"
"1629375506","Prachi Hanwatkar","The unity hospital of rochester","General Dentist","2655 Ridgeway Ave","Rochester","NY","14626","5852951890","true","CCG1~CD01~CW01~CX01"
"1336259324","Michael Kozlowski","The unity hospital of rochester","General Dentist","2655 Ridgeway Ave","Rochester","NY","14626","5852951890","true","CD01"
"1679575153","Pei-wei Lin","The unity hospital of rochester","General Dentist","2655 Ridgeway Ave","Rochester","NY","14626","5852951890","true","CCG1~CD01~CSW1~CW01~CX01"
"1194740886","Bernadette Lindquist","The unity hospital of rochester","General Dentist","2655 Ridgeway Ave","Rochester","NY","14626","5852951890","true","CCG1~CD01~CW01"
"1790216620","Hannah Marchese","The unity hospital of rochester","General Dentist","2655 Ridgeway Ave","Rochester","NY","14626","5852951890","true","CCG1~CD01~CSW1~CW01~CX01"
"1326178906","Frank Massaro","The unity hospital of rochester","General Dentist","2655 Ridgeway Ave","Rochester","NY","14626","5852951890","true","CCG1~CW01"
"1750903894","Brenda Ramos","The unity hospital of rochester","General Dentist","2655 Ridgeway Ave","Rochester","NY","14626","5852951890","true","CD01~CSW1"
"1639539844","Petrica Rouse","The unity hospital of rochester","General Dentist","2655 Ridgeway Ave","Rochester","NY","14626","5852951890","true","CD01"
"1093028102","Parth Shah","The unity hospital of rochester","General Dentist","2655 Ridgeway Ave","Rochester","NY","14626","5852951890","true","CD01~CX01"
"1659787042","Marina Skrombolas","The unity hospital of rochester","General Dentist","2655 Ridgeway Ave","Rochester","NY","14626","5852951890","true","CD01~CX01"
"1093108284","Marie Vitullo","The unity hospital of rochester","General Dentist","2655 Ridgeway Ave","Rochester","NY","14626","5852951890","true","CW01"
"1861654543","Scott Watson","The unity hospital of rochester","General Dentist","2655 Ridgeway Ave","Rochester","NY","14626","5852951890","true","CD01"
"1699323576","Charity Bouyer","","General Dentist","20 Finn Rd","Henrietta","NY","14467","5854500590","true","CJ02"
"1528046620","Andrew Bracci","","Oral Surgeon","20 Finn Rd","Henrietta","NY","14467","5854500590","true","BJ01~CX01"
"1114500873","Hrant Kavoukdjian","","Prosthodontist","20 Finn Rd","Henrietta","NY","14467","5854500590","true","CJ02"
"1003212028","Christopher Miller","","General Dentist","20 Finn Rd","Henrietta","NY","14467","5854500590","true","CJ02"
"1467944124","Frank Sapere","","General Dentist","20 Finn Rd","Henrietta","NY","14467","5854500590","true","CJ02"
"1457932295","Sidra Sheikh","Finger lakes dental care of west henrietta pllc","General Dentist","20 Finn Rd","Henrietta","NY","14467","5854500590","true","CD01~CJ02~CX01"
"1104169523","Kami Sobey","Finger lake dental care of west henrietta pllc","General Dentist","20 Finn Rd","Henrietta","NY","14467","5859196624","true","CJ02"
"1699238691","Alyssa Sullivan","","General Dentist","20 Finn Rd","Henrietta","NY","14467","5854500590","true","CJ02~CX01"
"1619385317","Catherine Telehany","Finger lake dental care of west henrietta pllc","General Dentist","20 Finn Rd","Henrietta","NY","14467","5859196624","true","CJ02"
"1124524764","Morgan Thorne","","General Dentist","20 Finn Rd","Henrietta","NY","14467","5854500590","true","CJ02~CX01"
"1548653900","Kara Tress","Finger lake dental care of west henrietta pllc","General Dentist","20 Finn Rd","Henrietta","NY","14467","5859196624","true","CJ02"
"1689961609","Sai Mandava","","General Dentist","1841 Ridge Rd W","Rochester","NY","14615","5852257700","true","CSE1~CSK1"
"1740345545","Vikramjit Anand","Aspen dental","General Dentist","1841 W Ridge Rd","Rochester","NY","14615","5852257700","true","CD01"
"1457499766","Christopher Arena","Aspen dental","General Dentist","1841 W Ridge Rd","Rochester","NY","14615","5852257700","true","CD01~CJ01"
"1093048811","Aziz Basha","Aspen dental","General Dentist","1841 W Ridge Rd","Rochester","NY","14615","5852257700","true","CCG1~CD01~CJ01~CPF1~CSE1~CSW1"
"1275726705","George Bauries","Aspen dental","General Dentist","1841 W Ridge Rd","Rochester","NY","14615","5852257700","true","CD01"
"1538342191","Keena Brittingham","Aspen dental","General Dentist","1841 W Ridge Rd","Rochester","NY","14615","5852257700","true","CD01~CJ01"
"1780886101","Caprice Dakwar","Aspen dental assoc","General Dentist","1841 W Ridge Rd","Rochester","NY","14615","5852257700","true","DD01"
"1023239365","Gursimrat Judge","Aspen dental","General Dentist","1841 W Ridge Rd","Rochester","NY","14615","5852257700","true","CD01"
"1952522278","Arwinder Judge","Aspen dental","General Dentist","1841 W Ridge Rd","Rochester","NY","14615","5852257700","true","CD01"
"1689961609","Sai Mandava","","General Dentist","1841 W Ridge Rd","Rochester","NY","14615","5852257700","true","CCG1~CML1~CPF1~CSW1"
"1568687168","Feroz Mohammed","Aspen dental","General Dentist","1841 W Ridge Rd","Rochester","NY","14615","5852257700","true","CD01"
"1679611818","Michaela Serseloudi","Aspen dental","General Dentist","1841 W Ridge Rd","Rochester","NY","14615","5852257700","true","CD01~CJ01"
"1588783377","M Shinaishin","Aspen dental","General Dentist","1841 W Ridge Rd","Rochester","NY","14615","5852257700","true","CD01"
"1568500999","Sudaxina Singh","Aspen dental","General Dentist","1841 W Ridge Rd","Rochester","NY","14615","5852257700","true","CD01~CJ01"
"1275694762","Chedly Vincent","Aspen dental","General Dentist","1841 W Ridge Rd","Rochester","NY","14615","5852257700","true","CD01"
"1528683018","Monica Amorim Da Silva Gusmini","Bayview smiles","General Dentist","1145 Bay Rd","Webster","NY","14580","5856717277","true","CCG1~CD01~CSW1"
"1699866400","Jonathan Carey","Bayview smiles","General Dentist","1145 Bay Rd","Webster","NY","14580","5856717277","true","CD01~CSW1"
"1558442772","Jennifer Kopacz","Bayview smiles","General Dentist","1145 Bay Rd","Webster","NY","14580","5856717277","true","CCG1~CD01~CSW1"
"1548828759","Stefano Moreira De Araujo Lima","Bayview smiles","General Dentist","1145 Bay Rd","Webster","NY","14580","5856717277","true","CD01~CSW1"
"1982708194","Gerard Gizzi","","General Dentist","1024 Elmgrove Rd","Rochester","NY","14624","5852472200","true","CCG1"
"1639539844","Petrica Rouse","The unity hospital of rochester","General Dentist","1555 Long Pond Rd","Rochester","NY","14626","5857837070","true","CD01"
"1538389440","Carmen Vidal","The unity hospital of rochester","General Dentist","1555 Long Pond Rd","Rochester","NY","14626","5857837070","true","CD01"
"1083794374","Peter Rivoli","Rivoli & rivoli orthodontics","Orthodontist","1983 Empire Blvd Bldg 2","Webster","NY","14580","7166711650","true","CD01"
"1427138916","Joel Carangelo","Bayridge dental","General Dentist","1991 Empire Blvd","Webster","NY","14580","5853474884","true","CSW1"
"1841636172","Abrahim Caroci","","General Dentist","2081 W Ridge Rd","Rochester","NY","14626","0000000000","true","CCG1~CML1"
"1588272264","Katherine Strong","","Pediatric Dentist","2081 W Ridge Rd","Rochester","NY","14626","5852274570","true","CCG1"
"1669403986","Ya-chen Chang","Roc smiles","General Dentist","774 Elmgrove Rd","Rochester","NY","14624","7164260810","true","CD01"
"1396221982","Aman Bhojani","Small to tall dentistry for children pllc","Pediatric Dentist","3171 Chili Ave","Rochester","NY","14624","5858891290","true","CD01"
"1366543613","Alison Harding","Small to tall dentistry for children pllc","Pediatric Dentist","3171 Chili Ave","Rochester","NY","14624","5858891290","true","CD01"
"1689363327","Parnian Salehi","Small to tall dentistry for children pllc","Pediatric Dentist","3171 Chili Ave","Rochester","NY","14624","5858891290","true","CD01"
"1134566920","Adam Ungaro","Small to tall dentistry for children pllc","Pediatric Dentist","3171 Chili Ave","Rochester","NY","14624","5858891290","true","CD01"
"1063763100","Zohair Qureshi","Braces of greece","Orthodontist","770 Fetzner Rd","Rochester","NY","14626","5855387230","true","CCG1~CX01~DD01"
"1275237596","Michael Roncone","","General Dentist","3171 Chili Ave","Rochester","NY","14624","5858892870","true","CCG1"
"1063500148","Samir Khalil","Liberty dental arts","General Dentist","2749 W Ridge Rd","Rochester","NY","14626","5854342090","true","CCG1~CML1~CW01"
"1629089826","Kevin Apolito","Western new york dental group","General Dentist","43 Willow Pond Way","Penfield","NY","14526","5854218168","true","CD01~CSW1~CW01~CX01"
"1023420908","Meaghan Bolger","Western new york dental","General Dentist","43 Willow Pond Way","Penfield","NY","14526","5854218168","true","CJ01"
"1578940730","Charles Burchfield","Western new york dental","Oral Surgeon","43 Willow Pond Way","Penfield","NY","14526","5854218168","true","BJ01~CCG1~CD01~CSW1"
"1811440670","Michael Daly","Western new york dental group","General Dentist","43 Willow Pond Way","Penfield","NY","14526","5854218168","true","CSW1"
"1184831109","Jack Dorkhom","Western new york dental","General Dentist","43 Willow Pond Way","Penfield","NY","14526","5854218168","true","CW01"
"1376676866","Barry Enterline","Western new york dental group","General Dentist","43 Willow Pond Way","Penfield","NY","14526","5854218168","true","CD01~CSW1~CW01"
"1538181995","Kenneth Lee","Western new york dental","General Dentist","43 Willow Pond Way","Penfield","NY","14526","5854218168","true","CX01"
"1659987402","Jeffrey Levine","Western new york dental","Endodontist","43 Willow Pond Way","Penfield","NY","14526","5854218168","true","BJ01~CCG1~CD01~CSW1"
"1083603153","Sailesh Patel","Western new york dental","General Dentist","43 Willow Pond Way","Penfield","NY","14526","5854218168","true","CX01"
"1699290064","Madelyn Sadibasic","Western new york dental group","General Dentist","43 Willow Pond Way","Penfield","NY","14526","5854218168","true","CJ01"
"1770037665","Kavya Shah","Western new york dental group","General Dentist","43 Willow Pond Way","Penfield","NY","14526","5854218168","true","CCG1~CD01~CJ02~CSW1"
"1548653900","Kara Tress","Western new york dental group","General Dentist","43 Willow Pond Way","Penfield","NY","14526","5854218168","true","CCG1~CD01~CJ02~CSW1"
"1679026439","Antonio Calascibetta","","General Dentist","21 Willow Pond Way","Penfield","NY","14526","5853771670","true","DD01"
"1235227497","Lauren Rosella","Terrance j o keefe dds llc","General Dentist","21 Willow Pond Way","Penfield","NY","14526","5853771670","true","DD01"
"1598030223","Stephen Phillips","","Periodontist","752 Admiralty Way","Webster","NY","14580","5853854910","true","CW01"
"1124182464","Shaesta Najeem","Bayfront dental pc","General Dentist","3101 W Ridge Rd","Rochester","NY","14626","5857871000","true","CUH1~CX01"
"1376677633","Rahul Renjen","Renjen orthodontics","Orthodontist","2124 Penfield Rd","Penfield","NY","14526","5853770077","true","CX01~DD01"
"1629089826","Kevin Apolito","Western new york dental group greece long pond","General Dentist","1100 Long Pond Rd","Rochester","NY","14626","5852257790","true","CD01~CSW1~CX01"
"1023420908","Meaghan Bolger","Western new york dental group greece long pond","General Dentist","1100 Long Pond Rd","Rochester","NY","14626","5852257790","true","CJ01"
"1578940730","Charles Burchfield","Western new york dental group greece long pond","Oral Surgeon","1100 Long Pond Rd","Rochester","NY","14626","5852257790","true","BJ01~CCG1~CD01~CSW1"
"1952091340","Samuel Chen","Western new york dental group greece long pond","General Dentist","1100 Long Pond Rd","Rochester","NY","14626","5852257790","true","CD01~CJ02~CSW1~CX01"
"1811440670","Michael Daly","Western new york dental group greece long pond","General Dentist","1100 Long Pond Rd","Rochester","NY","14626","5852257790","true","CSW1"
"1033777636","Mindy Dogmantis","Western new york dental group greece long pond","General Dentist","1100 Long Pond Rd","Rochester","NY","14626","5852257790","true","CD01~CJ02~CSW1"
"1376676866","Barry Enterline","Western new york dental group greece long pond","General Dentist","1100 Long Pond Rd","Rochester","NY","14626","5852257790","true","CCG1~CD01~CJ02~CSW1"
"1659987402","Jeffrey Levine","Western new york dental group greece long pond","Endodontist","1100 Long Pond Rd","Rochester","NY","14626","5852257790","true","BJ01~CCG1~CD01~CSW1"
"1699290064","Madelyn Sadibasic","Western new york dental group greece long pond","General Dentist","1100 Long Pond Rd","Rochester","NY","14626","5852257790","true","CD01"
"1457744633","Sanel Sadibasic","Western new york dental group greece long pond","General Dentist","1100 Long Pond Rd","Rochester","NY","14626","5852257790","true","CD01~CSW1"
"1710058383","Mark Tomiuk","Q dental assoc","General Dentist","1100 Long Pond Rd","Rochester","NY","14626","5852257790","true","CJ02~CSW1"
"1548653900","Kara Tress","Western new york dental group greece long pond","General Dentist","1100 Long Pond Rd","Rochester","NY","14626","5852257790","true","CD01~CSW1"
"1538181995","Kenneth Lee","","General Dentist","1100 Long Pond Rd","Rochester","NY","14626","5852257790","true","CX01"
"1528329224","James Roger","","Oral Surgeon","1100 Long Pond Rd","Rochester","NY","14626","5852257790","true","CCG1~CSW1"
"1861879520","Zachary Mills","A dentist 4 kids pllc","Pediatric Dentist","1081 Long Pond Rd","Rochester","NY","14626","5855387230","false","CCG1~CD01~CW01"
"1841676855","Sara Sullivan","Get it straight orthodontics","Orthodontist","750 Pittsford Victor Rd","Pittsford","NY","14534","5852485100","true","DD01"
"1598030223","Stephen Phillips","Flx periodontics pllc","Periodontist","600 Kreag Rd","Pittsford","NY","14534","5852488195","true","DD01"
"1881606218","Maria Abeyounis","Unity dental at penfield","General Dentist","2060 Frpt 9 Mi Pt Rd","Penfield","NY","14526","5853775810","true","CW01"
"1295358109","Kefaia Alfasi","Unity dental at penfield","General Dentist","2060 Frpt 9 Mi Pt Rd","Penfield","NY","14526","5853775810","true","CW01~CX01"
"1265661300","Ahmed El-halaby","Unity dental at penfield","Periodontist","2060 Frpt 9 Mi Pt Rd","Penfield","NY","14526","5853775810","true","CX01~DD01"
"1194740886","Bernadette Lindquist","Unity dental at penfield","General Dentist","2060 Frpt 9 Mi Pt Rd","Penfield","NY","14526","5853775810","true","CD01~CW01"
"1326178906","Frank Massaro","Unity dental at penfield","General Dentist","2060 Frpt 9 Mi Pt Rd","Penfield","NY","14526","5853775810","true","CD01~CW01"
"1023240173","Renee Pellegrino","Unity dental at penfield","General Dentist","2060 Frpt 9 Mi Pt Rd","Penfield","NY","14526","5853775810","true","CD01~CW01"
"1750903894","Brenda Ramos","Unity dental at penfield","General Dentist","2060 Frpt 9 Mi Pt Rd","Penfield","NY","14526","5853775810","true","CD01~CW01"
"1093108284","Marie Vitullo","Unity dental at penfield","General Dentist","2060 Frpt 9 Mi Pt Rd","Penfield","NY","14526","5853775810","true","CD01~CW01"
"1992232896","Aseel Al Ani","Unity dental group at penfield","General Dentist","2060 Fairport Nine Mile Point Rd","Penfield","NY","14526","5853775810","true","CD01"
"1295358109","Kefaia Alfasi","","General Dentist","2060 Fairport Nine Mile Point Rd","Penfield","NY","14526","5853775810","true","CW01"
"1659728061","Emmanuel Amundaray Diaz","Unity dental group at penfield","General Dentist","2060 Fairport Nine Mile Point Rd","Penfield","NY","14526","5853775810","true","CD01~CX01"
"1629375506","Prachi Hanwatkar","Unity dental group at penfield","General Dentist","2060 Fairport Nine Mile Point Rd","Penfield","NY","14526","5853775810","true","CD01~CW01"
"1467835777","Jonathan Redditt","Unity dental group at penfield","Oral Surgeon","2060 Fairport Nine Mile Point Rd","Penfield","NY","14526","5853775810","true","CX01"
"1639539844","Petrica Rouse","Unity dental at penfield","General Dentist","2060 Fairport 9 Mile Point Rd","Penfield","NY","14526","5853775810","true","CD01"
"1538389440","Carmen Vidal","Unity dental at penfield","General Dentist","2060 Fairport 9 Mile Point Rd","Penfield","NY","14526","5853775810","true","CD01~CX01"
"1336259324","Michael Kozlowski","Unity dental at penfield","General Dentist","2060 Fairport 9 Mile Point Rd","Penfield","NY","14526","5853775810","true","CD01"
"1659787042","Marina Skrombolas","Unity dental of penfield","General Dentist","2060 Fairpoint 9 Mile Point Rd","Penfield","NY","14526","5853775810","true","CD01~CX01"
"1114169158","Lina Vega","Lina e vega general dentist pllc","General Dentist","4292 Lake Ave","Rochester","NY","14612","5856633957","true","CCG1~CX01~DD01"
"1477644300","Manish Sanon","The smile center of rochester","General Dentist","2214 Penfield Rd","Penfield","NY","14526","5852003717","true","CCG1~CD01~CSK1~CW01"
"1851326136","Azita Anissi","","General Dentist; Orthodontist","121 Sullys Trl","Pittsford","NY","14534","5852677745","true","CD01"
"1710415039","Abner De Los Santos","Smiles on the canal","General Dentist","124 Fairport Village Lndg","Fairport","NY","14450","5852235480","true","CJ02"
"1558653337","Anuj Malik","","General Dentist","124 Fairport Village Lndg","Fairport","NY","14450","5852235480","true","CJ02"
"1285021568","Karen Milla Escobar","Smiles on the canal","General Dentist","124 Fairport Village Lndg","Fairport","NY","14450","5852235480","true","CJ02~DD01"
"1811384191","Lenny Santos","Smiles on the canal","General Dentist","124 Fairport Village Lndg","Fairport","NY","14450","5852235480","true","CCG1~DD01"
"1215118591","Tejal Shastri","Smiles on the canal","General Dentist","124 Fairport Village Lndg","Fairport","NY","14450","5852235480","true","CJ02~DD01"
"1881606218","Maria Abeyounis","Dentistry at clifton springs","General Dentist","2226 Penfield Rd","Penfield","NY","14526","5853775810","true","CSW1~CX01"
"1992232896","Aseel Al Ani","","General Dentist","2226 Penfield Rd","Penfield","NY","14526","5853775810","true","CSW1~CW01"
"1295358109","Kefaia Alfasi","","General Dentist","2226 Penfield Rd","Penfield","NY","14526","5853775810","true","CSW1~CW01~CX01"
"1871114728","Akarsh Batra","","General Dentist","2226 Penfield Rd","Penfield","NY","14526","5853775810","true","CSW1"
"1710354493","Lindsey Behrman","","Pediatric Dentist","2226 Penfield Rd","Penfield","NY","14526","5853775810","true","CSW1"
"1063569283","Carmen Benitez","","General Dentist","2226 Penfield Rd","Penfield","NY","14526","5853775810","true","CSW1"
"1619022449","Jolly Caplash","","Oral Surgeon","2226 Penfield Rd","Penfield","NY","14526","5853775810","true","CSW1~CW01"
"1609229426","Ahmed Farag","","General Dentist","2226 Penfield Rd","Penfield","NY","14526","5853775810","true","CSW1"
"1629375506","Prachi Hanwatkar","Dentistry at clifton springs","General Dentist","2226 Penfield Rd","Penfield","NY","14526","5853775810","true","CCG1~CSW1~CX01"
"1073568556","Thomas Helfst","Dentistry at clifton springs","Oral Surgeon","2226 Penfield Rd","Penfield","NY","14526","5853775810","true","CSW1~CW01~CX01~DD01"
"1912017336","Michael Krzemien","","Oral Surgeon","2226 Penfield Rd","Penfield","NY","14526","5853775810","true","CW01~CX01"
"1679575153","Pei-wei Lin","Dentistry at clifton springs","General Dentist","2226 Penfield Rd","Penfield","NY","14526","5853775810","true","CD01~CSW1~CW01~CX01"
"1790216620","Hannah Marchese","","General Dentist","2226 Penfield Rd","Penfield","NY","14526","5853775810","true","CSW1"
"1326178906","Frank Massaro","","General Dentist","2226 Penfield Rd","Penfield","NY","14526","5853775810","true","CCG1~CSW1~CX01"
"1366535544","Nicole Mooney","","Pediatric Dentist","2226 Penfield Rd","Penfield","NY","14526","5853775810","true","CSW1"
"1023240173","Renee Pellegrino","","General Dentist","2226 Penfield Rd","Penfield","NY","14526","5853775810","true","CSW1~CX01"
"1598984411","Steven Ragan","Dentistry at clifton springs","General Dentist","2226 Penfield Rd","Penfield","NY","14526","5853775810","true","CD01~CW01~CX01"
"1467835777","Jonathan Redditt","Dentistry at clifton springs","Oral Surgeon","2226 Penfield Rd","Penfield","NY","14526","5853775810","true","CSW1~CW01~CX01"
"1093028102","Parth Shah","","General Dentist","2226 Penfield Rd","Penfield","NY","14526","5853775810","true","CX01"
"1093108284","Marie Vitullo","Dentistry at clifton springs","General Dentist","2226 Penfield Rd","Penfield","NY","14526","5853775810","true","CSW1~CX01"
"1184831109","Jack Dorkhom","","General Dentist","101 Sullys Trl","Pittsford","NY","14534","5855868895","true","CD01"
"1720171044","David Huff","David e huff dds ms","Orthodontist","75 S Main St","Fairport","NY","14450","5852230991","true","DD01"
"1679679054","Harpreet Deol","Progressive endodontics","Endodontist","151 Sullys Trl","Pittsford","NY","14534","5852483636","true","CD01"
"1275021156","Gabriel Murphy Echeverria","Progressive endodontics","Endodontist","151 Sullys Trl","Pittsford","NY","14534","5852483636","true","CD01"
"1073929261","Filip Ambrosio","Progressive implantology & periodontics","Periodontist","151 Sullys Trl","Pittsford","NY","14534","5853854867","true","CD01"
"1528046620","Andrew Bracci","Progressive implantology & periodontics","Oral Surgeon","151 Sullys Trl","Pittsford","NY","14534","5853854867","true","CD01"
"1962930974","Meng Lee","Progressive implantology & periodontics","Periodontist","151 Sullys Trl","Pittsford","NY","14534","5853854867","true","CD01"
"1598030223","Stephen Phillips","Progressive implantology & periodontics","Periodontist","151 Sullys Trl","Pittsford","NY","14534","5853854867","true","CW01"
"1841370442","Mark Groskin","","General Dentist","1109 English Rd","Rochester","NY","14616","5852257070","true","CCG1~CSW1~CX01~DD01"
"1396790366","Joseph Zaremba","","General Dentist","1109 English Rd","Rochester","NY","14616","5852257070","true","DD01"
"1356557995","Marc Feldman","","General Dentist","2254 Penfield Rd","Penfield","NY","14526","5853771320","true","CUH1"
"1396815650","Julie Cianciola-beach","Beach perio implants & medspa","Periodontist","368 Elmridge Center Dr","Rochester","NY","14626","5853268431","true","CD01"
"1770615973","Rush Hejazi","Rh dental pllc","General Dentist","15 High Tech Dr","Rush","NY","14543","5853211460","true","CCG1~CW01~CX01~DD01"
"1750567061","Edward Huddleston","Affordable dentures rochester","General Dentist","4417a Dewey Ave","Rochester","NY","14616","5856637820","true","DD01"
"1689961609","Sai Mandava","","General Dentist","975 Ridge Rd","Webster","NY","14580","5857879930","true","CSK1"
"1285021568","Karen Milla Escobar","Aspen dental","General Dentist","975 Ridge Rd","Webster","NY","14580","5857879930","true","CSK1"
"1790238327","Lesia Pirmand","","General Dentist","975 Ridge Rd","Webster","NY","14580","5857879930","true","CW01"
"1063744159","Gina Siegel","","Endodontist","975 Ridge Rd","Webster","NY","14580","5857879930","true","CW01"
"1275726705","George Bauries","Aspen dental","General Dentist","975 Ridge Rd","Webster","NY","14580","5857879930","true","CD01"
"1538342191","Keena Brittingham","Aspen dental","General Dentist","975 Ridge Rd","Webster","NY","14580","5857879930","true","CD01~CJ01"
"1952522278","Arwinder Judge","Aspen dental","General Dentist","975 Ridge Rd","Webster","NY","14580","5857879930","true","CD01~CW01"
"1023239365","Gursimrat Judge","Aspen dental","General Dentist","975 Ridge Rd","Webster","NY","14580","5857879930","true","CD01"
"1639607799","Alfonso Lara Brain","Aspen dental","General Dentist","975 Ridge Rd","Webster","NY","14580","5857879930","true","CCG1~CD01~CJ01~CPF1~CSE1~CSK1~CSW1~CX01"
"1689961609","Sai Mandava","","General Dentist","975 Ridge Rd","Webster","NY","14580","5857879930","true","CCG1~CML1~CPF1~CSE1~CSW1"
"1568687168","Feroz Mohammed","Aspen dental","General Dentist","975 Ridge Rd","Webster","NY","14580","5857879930","true","CD01"
"1588783377","M Shinaishin","Aspen dental","General Dentist","975 Ridge Rd","Webster","NY","14580","5857879930","true","CD01"
"1164664207","Andrey Ustinenkov","Aspen dental","General Dentist","975 Ridge Rd","Webster","NY","14580","5857879930","true","CCG1~CD01~CJ01~CPF1~CSE1~CSK1~CSW1~CX01"
"1831175199","Brian Rheude","Brian rheude orthodontics","Orthodontist","6605 Pittsford Palmyra Rd Ste E7","Fairport","NY","14450","5855983122","true","DD01"
"1629089826","Kevin Apolito","Western new york dental group pc","General Dentist","980 Ridge Rd","Webster","NY","14580","5856671000","true","CD01~CJ02~CSW1"
"1578940730","Charles Burchfield","Western new york dental group pc","Oral Surgeon","980 Ridge Rd","Webster","NY","14580","5854270400","true","BJ01~CCG1~CD01~CSW1"
"1811440670","Michael Daly","Western new york dental group pc","General Dentist","980 Ridge Rd","Webster","NY","14580","5854270400","true","CSW1"
"1033777636","Mindy Dogmantis","Western new york dental group pc","General Dentist","980 Ridge Rd","Webster","NY","14580","5854270400","true","CD01~CJ02~CSW1"
"1659987402","Jeffrey Levine","Western new york dental group pc","Endodontist","980 Ridge Rd","Webster","NY","14580","5854270400","true","BJ01~CCG1~CD01~CSW1"
"1417445396","Anna Nikitkova","Western new york dental group pc","General Dentist","980 Ridge Rd","Webster","NY","14580","5856671000","true","CD01~CJ02~CSW1"
"1952543092","Xiomara Restrepo-jaramillo","Western new york dental group pc","Orthodontist","980 Ridge Rd","Webster","NY","14580","5852805066","true","CD01~CW01"
"1770037665","Kavya Shah","Western new york dental group pc","General Dentist","980 Ridge Rd","Webster","NY","14580","5856671000","true","CD01~CJ02~CSW1"
"1548653900","Kara Tress","Western new york dental group pc","General Dentist","980 Ridge Rd","Webster","NY","14580","5854270400","true","CCG1~CD01~CJ02~CSW1"
"1598030223","Stephen Phillips","Flx periodontics pllc","Periodontist","6800 Pittsford Palmyra Rd","Fairport","NY","14450","5852236040","true","DD01"
"1497853329","Steven Kazley","Kazley orthodontics","Orthodontist","6827 Pittsford Palmyra Rd","Fairport","NY","14450","5854252250","true","DD01"
"1285812636","Meggy Kemshetti","Ogden dental group","Pediatric Dentist","2800 Spencerport Rd","Spencerport","NY","14559","5853523627","true","CD01"
"1386054799","Sari Manap","Ogden dental group","Pediatric Dentist","2800 Spencerport Rd","Spencerport","NY","14559","5853523627","true","CD01"
"1861879520","Zachary Mills","Ogden dental group","Pediatric Dentist","2800 Spencerport Rd","Spencerport","NY","14559","5853523627","true","CD01~CX01"
"1780886101","Caprice Dakwar","Ogden dental group","General Dentist","2800 Spencerport Rd","Spencerport","NY","14559","5853523627","true","CD01"
"1710912274","Carl Divita","Ogden dental group","Pediatric Dentist","2800 Spencerport Rd","Spencerport","NY","14559","5853523627","true","CD01~CX01"
"1841676855","Sara Sullivan","Get it straight orthodontics","Orthodontist","3208 Latta Rd","Rochester","NY","14612","5852541650","true","DD01"
"1073929261","Filip Ambrosio","Progressive implantology & periodontics","Periodontist","1120 Crosspointe Ln","Webster","NY","14580","5852164867","true","CD01"
"1528046620","Andrew Bracci","Progressive implantology & periodontics pllc","Oral Surgeon","1120 Crosspointe Ln","Webster","NY","14580","5853854867","true","CD01"
"1386663193","Patrick Derose","Progressive endodontics llc","Endodontist; General Dentist","1120 Crosspointe Ln","Webster","NY","14580","5858723001","true","CCG1~CD01"
"1962930974","Meng Lee","Progressive implantology & periodontics","Periodontist","1120 Crosspointe Ln","Webster","NY","14580","5852164867","true","CD01"
"1376764977","Harinderbir  Singh","Progressive endodontics llc","Endodontist","1120 Crosspointe Ln","Webster","NY","14580","5858723001","true","CCG1"
"1376839803","Stephan Vigliotti","Progressive endodontics llc","Endodontist","1120 Crosspointe Ln","Webster","NY","14580","5858723001","true","CD01"
"1518032770","Manuel Hoyo","Lakeshore endodontics","Endodontist","159 W Main St","Webster","NY","14580","5858727420","true","CD01"
"1306904248","Claudia Lambertucci-hoyo","Lakeshore endodontics","Endodontist","159 W Main St","Webster","NY","14580","5858727420","true","CD01"
"1265722029","Helen Dusel","Ogden dental group","Pediatric Dentist","2800 Spencerport Rd","Spencerport","NY","14559","5853523627","true","CSW1"
"1538389440","Carmen Vidal","Ogden dental group","General Dentist","2800 Spencerport Rd","Spencerport","NY","14559","5853523627","true","CSW1"
"1699290064","Madelyn Sadibasic","Chili family dental","General Dentist","4369 Buffalo Rd","North Chili","NY","14514","5854885556","true","CJ02"
"1457744633","Sanel Sadibasic","Chili family dental","General Dentist","4369 Buffalo Rd","North Chili","NY","14514","5854885556","true","CJ02"
"1528046620","Andrew Bracci","","Oral Surgeon","8053 Pittsford Victor Rd","Victor","NY","14564","5854500589","true","BJ01~CX01"
"1750866901","Ali Ghorbani Gazar","","General Dentist","8053 Pittsford Victor Rd","Victor","NY","14564","0000000000","true","CJ02~CX01"
"1699238691","Alyssa Sullivan","","General Dentist","8053 Pittsford Victor Rd","Victor","NY","14564","5854500589","true","CJ02~CX01"
"1003212028","Christopher Miller","Christopher glenn miller dds pllc","General Dentist","539 Long Pond Rd","Rochester","NY","14612","5856212040","true","CD01"
"1003557240","Ahmed Alsayed","Bateman orthodontics","General Dentist","505 Long Pond Rd","Rochester","NY","14612","5856215520","true","CD01"
"1104849660","William Dingus","William dingus dmd llc","Orthodontist","32 Main St","Scottsville","NY","14546","5858899948","true","CW01~DD01"
"1083794374","Peter Rivoli","Rivoli & rivoli orthodontics","Orthodontist","77 Nichols St","Spencerport","NY","14559","5852781000","true","CD01"
"1477585651","Cheryl Kelley","","Pediatric Dentist","7249 State Route 96","Victor","NY","14564","5854500583","true","BJ01~CX01"
"1962715342","Oriana Ly Mapes","","Pediatric Dentist","7249 State Route 96","Victor","NY","14564","5854500583","true","BJ01~CX01"
"1851913990","Goldbarg Razban","","Pediatric Dentist","7249 State Route 96","Victor","NY","14564","5854500583","true","BJ01~CX01"
"1144844770","Swetha Sathasivam","Victor smile","Pediatric Dentist","7249 State Route 96","Victor","NY","14564","5854500583","true","BJ01~CX01"
"1699238691","Alyssa Sullivan","","General Dentist","7249 State Route 96","Victor","NY","14564","0000000000","true","CJ02~CX01"
"1821106436","Ricardo Huerta-andrade","Ultimate smile dental","Prosthodontist","7181 State Route 96","Victor","NY","14564","5859244050","true","CCG1~CD01"
"1992885479","Brandon Comella","","Orthodontist","171 W Main St","Victor","NY","14564","5859249660","true","CD01~CW01"
"1427189802","Arthur Guest","","General Dentist","1209 Mayberry Pl","Macedon","NY","14502","3159863400","true","CSW1~DD01"
"1841676855","Sara Sullivan","Get it straight orthodontics","Orthodontist","1213 Mayberry Pl","Macedon","NY","14502","3159861800","true","DD01"